x,y,z
0.005993805108156422,0.04174308999486784,-0.03942466950726865
-0.005459006917597217,0.205589975453234,-0.7629434600469439
-1.843954220153475,-0.047456087210286255,0.24649335932021196
0.43161277129834374,-1.0428216634464724,-0.543365106681196
-0.0020864479438792946,-0.0533680248802817,0.15919089473921777
-0.4400637454742043,-0.2831669475670696,-1.69086225421372
-0.5092789227745114,-0.1287780014288268,-0.11500410253256113
-0.2785539279819612,0.13688334761293858,-0.3759852675083631
0.3523484642126041,-0.061015747446843224,-0.4745311509836215
-0.7738867627486419,-0.30748702640038983,0.7995002767936328
-0.027032263278229506,1.084466874898452,-0.09970622099449608
0.01518557014027996,0.12076014242720116,-0.9752621695681155
-0.30510113114096116,-0.25680154728406185,1.3785510027152321
-0.5257934948583636,-0.07593577597598075,-0.3443247015918032
0.18477851666848513,0.008944106748391465,-1.553150529195908
0.13694418711042647,-0.24885836945415912,0.2055883391810867
-0.18762581901553138,-0.6327671463673777,-1.4192897831306046
-0.14451872335622717,-0.23361750431022463,-1.2988889958764431
0.8853667739306998,0.40836648385112667,-0.9573175374065259
-0.4142372697851874,0.4877592711944708,0.7197729328225472
1.0626454471878277,-0.4568206641002227,0.6645778455655165
0.011643280996782128,-0.013617062027448019,0.15858525841899507
-0.1905201227664915,0.838885284760659,-1.469874410153864
0.027873794547289905,0.04217857340799592,-0.09892421399903067
-0.25820199925200266,0.08553382932995764,-0.12046509310930541
-0.6367495310771589,0.8121078282467746,0.5155350437037549
-0.14598271554430098,-0.3218394409423114,1.435975495215216
0.10442900147770119,-0.02235612416970405,-0.10886685273067459
-0.9090306872974231,1.0575726924959488,-1.2026780871626812
0.48811101518223293,0.2011918406084808,-1.8742776996334456
0.7262792382889487,-0.5444927671269547,-0.8029623548144436
0.47937987439594915,0.11652258021743227,-0.8264372194521161
1.0153152320581977,-0.31049589542167166,-1.0350813002676003
-0.30788194661554874,-0.5174741276811389,-0.26211340568195823
0.8969164933249832,-0.3441482394704328,0.2243702321680416
0.1725109384868197,0.5270964484265628,-1.746350516331366
1.6450476439834583,0.4300952296509411,-0.8728949018239731
-1.7555782228492562,0.13028970500943565,0.5820638109088249
-0.12957365258332176,0.041540615610917035,0.5069526577729996
-0.18030277100414477,0.3208072889982432,0.2841496308831621
0.5689721209573853,-0.15505206619062917,-0.08152431970794052
0.29608607557642347,-0.6035829083339053,0.5718764729267132
-0.21222443995396098,-0.34187685867936385,0.482582276536698
0.3881718361728938,0.6366515606038101,-0.06432947972947353
-0.06207761762047567,-0.628196946868,1.0687730679088394
-0.1287933564806868,-0.8854951779862932,-1.2349462312181723
-1.3094796546087208,0.6665068295508072,0.07221587418659488
1.4114456048973025,-0.7215606465887947,-0.37458580347654524
0.014326466327731248,0.02492660585705407,0.05759131813332472
-0.008842510007107266,0.08085092213545703,0.04998997014405343
1.3981337074768503,0.5865949424510255,0.44003448047863314
0.1702128222589866,-0.579739975512799,-0.8784197625139794
-0.5512809868111029,-0.5292763105580937,-0.8677225451116635
-0.026901436356646498,0.06222957811080486,0.08040711286277027
0.24586210061599845,0.4087455105653391,-0.1822621281217301
0.8560435853685947,0.22064204209182636,0.9211358984830179
0.03168882652587065,0.05494955124213419,-1.717192606048698
-0.2630500439714479,0.0795073034052807,-1.8132615547397521
0.017402115816151045,0.9809818924931536,-0.19761169047660646
-0.04990875398994867,0.883392679500975,-0.6381967129377586
0.6906734732969201,-0.6856890666349292,-1.352289691034438
-0.8226049613264467,-0.07847705631323589,-0.6879849377337662
-0.10875641888572335,-0.8295225413363929,-0.6071534702597065
0.22913849218611582,0.052294311445620405,-1.794845207261001
-0.9983416637788383,1.130056014646592,-0.4714468594691778
-1.6398410817236342,0.2158610746964335,-0.7549679833357087
0.07742566843813492,0.1833821166488131,-0.3884628332838302
0.6574319939933626,0.6188603562016732,-0.5335481579164323
0.8598744080754845,-0.9121779450076276,-1.1258705737361603
0.13850505626133552,-0.05541100932166839,0.164806940505038
1.285622422649066,0.6942756683921069,0.6253863130330881
-0.09520745105556487,0.13275544207760728,0.3274577377546919
1.5607840394659547,-0.41871228217860057,-0.029272778092091903
1.0504330740587704,0.6049586601444965,0.16969374390813377
-0.00213443140039043,-0.0027037157044455837,-0.386456631130254
0.8760010280888548,-0.15446744743297708,-0.3240659235990855
0.8399483145291974,-0.11564828403960217,-1.068218576650784
-1.0813007467556222,0.1976678208767205,0.6315014865299288
0.22482843402817024,0.36817894713301363,-0.7376022674123747
0.4989047799488384,1.6067709640468328,-0.6362560043043364
0.650437097925779,-0.5408379618775604,-0.6024648165132269
0.6867408791006585,-0.4256997947000026,0.6089117708233953
-0.09584859612652055,-0.0771653070419804,-0.018950087121920915
0.17077834554452587,-1.6744491168446716,-0.7538427985418166
-0.021523646061641952,-0.3397664900340229,-0.09786000465857689
-0.14637493365927312,-0.23659254910327499,-1.0194070849446377
0.23564112703830328,-0.4465608587052197,-1.5257588993027589
-0.015486282852365134,-0.03603902878323579,-0.4291174916633883
-0.8914351267921928,-0.19340014824137888,-0.5295565553176309
0.003472523939730215,0.042275893087719355,-0.47949722893100744
-0.0293022208261735,-0.7626653301612103,-1.3137842032668752
-0.8367947302812142,0.1409679593728844,0.744195155069933
-0.46316570225053866,1.6020506341189489,0.38689790939557317
0.39056220536789454,-1.15382261354447,1.3103780455500096
-0.005621356068915924,-0.016157676087009566,1.297354174788962
0.7462656509334836,-0.3099950689921536,1.2048902337779483
0.007099244657406899,0.012080550344943208,1.098350824421598
-0.35079671807348384,-0.47769413193551247,-0.4897874867066557
0.0456286412775395,1.2601010560941086,0.30048414948053626
1.2418327802042106,-0.8602105012522948,1.0088816252522312
0.45990622778399265,0.33193636293166157,-0.610569136425311
-0.17562637887482652,-0.26252840863132343,-0.5437360282731901
0.015374673483943403,-0.05822841379783553,-0.7745360496259905
-0.481153512110806,0.620961010417913,-0.37574340566363656
0.14002706005317542,-0.04150526470954714,0.017737964688668246
0.4827033236719089,-0.6580100097886667,0.5725359390631377
-0.17589187506024376,0.6108885293575994,0.7571417015911123
0.7290210288786152,0.034568408141735334,0.9232539833459863
-0.20121590755455857,0.6666028966786405,0.2042210438018403
-0.006183989463855778,0.031027398697052847,-1.225806981411909
0.003628983700180801,-0.003003515959513468,1.7564263035765906
1.0860166337831643,-0.22760037081197965,1.5557844314247957
0.5884503286626468,0.2788932968755711,0.968688605781531
-0.0650498899508866,0.011861286880066376,-0.05370082989425417
-1.65466486312156,-0.5185252959752182,0.8665387364556709
1.1673187642479808,0.7711145951764995,0.18898195625823846
-0.2171999927033837,0.21048749832266517,0.6000045573305619
-0.11508747534475126,0.25668404907402403,0.08654321337603449
-0.08904048190286387,-0.020524350640872602,0.2718936133056315
-0.1766830488480507,-0.2830676621937448,-0.03476409116368851
-0.0079530401208059,-0.026432815396872065,0.08686468976517565
0.7206477594724047,0.8358161076751697,-1.4274477087915007
0.4076070947838259,-0.976273918294726,-0.22464821227900472
-0.46332642403772717,-0.9616527864038216,-0.9057180913380152
1.2285951755447164,-1.0284690158131726,0.41935687740973904
-1.4005400499023941,0.4615312490919008,0.5758690246566234
0.4212408332096249,-0.3314801040290877,1.681858451006159
1.282745979726492,-1.4408013735599183,-0.14484534037007965
-0.8123596407470276,0.3310653989367406,-0.03999418247290371
-1.387842586313859,1.2846347968603535,0.19014833983110935
0.9604616757384272,-0.4314002719628758,-0.9919680298694633
-0.015413555435752062,-0.06929310452054721,-0.1222164492218977
0.8656878237287214,-0.4190804305280799,-0.9665759577376315
0.17448078456472513,-0.573890610539396,1.2355262462885048
-1.2992891454131197,-1.0652398323116372,-0.677823915487187
0.139025410063181,0.12389759250914298,0.7222429117976611
-0.24683817597958563,0.9255377259284424,-0.6715181943649731
0.022280971293507094,-0.0044185138734628565,0.008841982358229007
-0.11345700453489288,0.24339854684097204,0.6074376687338744
0.043557173971164986,0.02890837455135145,-0.11297877792294303
-0.25762258789785575,-0.942951483675197,-0.36589438428245935
-0.1472477102259668,-1.4601533081620441,0.7205227781090611
-0.00879264314517705,0.038811379813588856,0.41096314525450706
-0.3091313750037141,1.0009972199085349,-0.12336362867566701
-0.09560391329336466,0.01892752729876944,-0.3962066828781139
0.22824079935998928,0.03144377350505999,-0.07197396542894971
0.022231385569740556,-0.0881403138890059,-1.017942992525591
-0.02692204389477455,0.06003883924888886,0.14397415784490133
0.6964048937558656,-0.9123533101776196,-0.25014698126860563
0.012058246290005325,-0.03512530319388361,-0.050487201730822676
-0.1124067756095987,-0.18062228585706752,-0.017106943978800773
-0.14071285982472614,0.2767021408313448,1.05528420461455
-1.136939390315487,-0.11696908675069709,-0.3045290915838787
-0.05120028636642564,0.01849530885952534,-0.019935463155603978
-0.4574262315348988,0.7321066688396507,-0.7548674269169573
0.6611539191964286,-0.9327775100541453,-1.2268445507744075
-0.9476082655078172,0.0985518790489703,-1.0859506168327295
0.11350809968136778,-0.19835430428245196,-0.128878265204774
0.5866450984711518,0.4563397837086886,0.9228793866302352
0.8121382994681573,0.9946779644204038,0.3984229223545929
0.047670022453104526,-0.00683937004371186,-0.056792970624938294
-0.21243314961343487,-0.13067260696652344,-1.692417018356859
-0.4441107216946035,-0.027295882593948405,1.7570722760408146
-1.6724564650079918,-0.2450637585563656,-0.18949776770013455
0.2968958603647381,1.3388522367551845,0.9161854442335577
-0.1893240703815249,-0.9503591754862692,1.131753692998058
1.0911491731678162,0.6432754201816011,-0.023125066515280467
-1.1488439827829509,-0.5702045537650203,-0.4440300864652535
-0.04469156620394218,-0.021294542712785,1.6120306085221043
0.7241991740886369,-0.4332898114604652,-1.0214755625360363
-0.3466700427920849,-0.057551319765361694,-0.553287953572249
0.05297771257579743,0.06168491955640321,-0.7475127651238314
-0.8653783110029138,-0.42565333746295003,1.5128740930435751
0.02749974257001789,0.01777537401878441,-0.010023149467934889
0.38950702399201953,1.3037308109693373,0.31932909336999094
1.626613010848196,0.32205121086518235,0.9470025496164073
-1.3777168238204773,-0.11534359347630645,-0.28918008398702455
1.0826064739307377,0.6359679092811505,-1.541087993065689
-0.09766626797878754,0.019016285360478984,1.3714852057029379
0.0060197558451369005,-0.0026977851633347033,-0.06840873922689134
-0.17567276017107336,-0.913467037703363,-1.3676616649339681
0.3545523485068037,0.18747395297255273,-0.4039837821094966
0.09839940029749619,0.6019124383682213,-0.651066178532219
-0.27071986438770085,-0.5204576111016488,0.2131668031624117
0.2981291791126997,-0.23214849479206923,-0.38172149635000074
0.7915567818853227,0.16609584011828707,0.30048886432286104
0.09063108990754729,-0.2189929697975207,-0.7194711415373558
-0.6195077510670821,-0.2534851409283636,1.0753727105975226
-1.2385310322819476,-0.36905448762339454,0.9872685399167601
0.5659837883636086,-0.15363919943144322,-0.09541498371889845
-0.005332489573607444,-0.3602932206756919,0.22992886801002843
0.7626631519425117,-1.0480687711348382,0.3144741275175639
-0.8147552193547072,1.064176490616657,0.031910687466944664
-0.7405878741615245,-0.26328997823483663,-1.6218378555440551
-0.023804910281339103,-0.021094933674373484,-0.002321569650125487
-0.6735679875786809,1.3951925628272097,0.7144629896905383
-0.6614394016310882,-0.3125102143181183,0.7420298786331925
0.09981253563797263,1.1876256883492369,0.35163592839893126
0.11333360106012609,0.14306958436541245,-0.009030476251280634
-0.4350207344169133,0.44068668583115195,-0.6042970512372731
4.836674301391758,4.584489063738191,4.812595951414866
5.418001188666435,5.541850457843001,5.563420983458216
3.724037841078938,4.17720036222524,4.966592316413725
5.7341687905334355,4.409778737379587,3.9087497011407164
4.613616192319773,3.809966908070886,4.056605162430061
5.688543220419582,5.931409358276781,7.955198944218603
5.838998628127824,4.081813432055207,4.633623199695177
4.938111568657555,5.18436764031605,3.0018491220294816
3.8687633524521763,5.335787545571423,7.199024816112039
4.591520716411102,4.9322932365140835,4.1686934766870065
6.364992731483649,3.1337698462333905,3.291682462689246
6.296790958784701,4.405699455839753,3.340351600067862
6.25097931922285,4.407997801655132,6.130662930437853
7.543017521747813,5.1271998221420985,7.002219970107911
5.249953760315685,4.866424160535689,4.068163279996974
8.010912301653175,6.070912541708314,6.5058386901970096
4.956326536979019,5.43921801532731,7.200361583682312
2.6942386233622395,4.782218903762912,4.242675494386423
3.672996329023654,5.168269065208878,8.2345630046836
3.456678077288884,3.807377764051964,2.3749527873318756
2.8464990490849935,5.27966638992861,3.963539133841989
6.058493105329577,4.537011003104055,2.2175728202929745
5.064358092631843,6.0824993438854,3.64785145185463
4.886413750436258,5.746743940604703,7.055098569777875
5.203073778685721,4.889582276508789,5.090621171287582
5.207153268767221,5.108417871131263,4.727008763336127
2.523744282737645,2.9629464120687032,5.851888678394249
4.991392891077141,4.981178800519844,4.762212313194385
4.500193865407764,4.982589876078479,4.542804488593256
4.946809831260026,4.854466289141549,8.17955730908994
5.000787291906017,5.001492706059228,4.9957381640630025
5.211453125917746,4.718857668833145,6.073443917668645
5.636128788043589,5.769200372661166,7.112176463531129
3.5674515880372057,6.0296755929361785,3.3998302731013044
6.139117334300315,5.582733577839903,2.1669275405900925
3.0700519936873487,4.436521567925402,4.769403492506502
4.223916599308783,3.5936348037231385,6.253664917264205
7.415785651353943,4.064907997178353,6.3064415520146015
4.882401791128159,3.2474997127662686,5.944952427584189
2.9870739613509754,4.468272875909706,6.260784465034904
7.262945190591814,3.980243409858633,7.595216369272556
3.5010668975890216,5.2043352756975585,4.461434095202805
4.560458375269189,4.822109863669594,3.5342921902596265
4.990395467301541,4.993375397396031,5.008086599043055
3.8534641093746127,5.727818692196288,7.043625175021137
5.030523467163232,4.950873686618092,4.895900111352706
5.5792562215678485,6.342652377473285,3.6113322866265847
4.347271585011577,4.765734149854513,1.8587045782893283
4.810282200498463,3.9236205278599368,6.908933034271147
5.3888440138886535,4.732069095876086,5.9696762083099575
7.3248358523661015,2.922132317141202,4.591861858886806
3.9916249120727825,4.944567471543361,4.620443530555932
3.179771818913756,2.7085316879738874,5.182515242615842
3.1705246501997517,6.4331731694251655,4.2532197612337574
4.6422334823978595,5.072502382730644,5.5736953703053285
8.004392571778553,2.9929602528263204,5.2317197232737565
5.63977394469988,4.702394633302923,4.617578052975126
8.06423505978805,2.6358784230351793,5.830610561331701
5.015949303857011,5.018882481994115,4.984374268330638
5.612662829214984,4.157677446418574,5.160974575372712
5.656533383779888,4.779191692513015,5.399141356103024
4.970624163033693,5.034946915435104,5.032385517678147
2.2038425027608994,4.670900401405122,5.809321050941636
5.036544843837247,4.80232672259878,7.766409087259126
2.4699753882618616,3.9598776776307494,3.3992995814533282
5.479763995717305,4.980345443098453,4.092395181304827
3.4661756918196627,5.438171601938922,5.783791101120573
4.9146551812254184,4.629759787263477,7.608932463083488
5.019319158816913,4.929539604091168,3.2424438857028672
2.9460509128908807,5.076171047383769,6.8856571263874224
5.611725964976827,4.231345338187536,7.337887481552652
4.596835428101347,4.879691480939245,5.182455715208301
3.0563347095096165,6.205391870757623,2.871702702120591
6.791555879762129,6.441298724067848,6.738670799941068
2.9996665875486825,6.58380329169274,4.3899727252343
4.939678249816342,4.404372909793083,5.162647112377494
5.341166179666478,4.816017481820262,5.999454659265161
4.9857084463252646,6.354341885439204,5.79935265029093
4.476969423751433,5.672230529534512,4.273147455970364
5.485419648361882,5.7043383210507175,4.685936708463438
4.569217211369568,3.897360668586996,7.996035434379127
6.214163700395802,4.689787545611115,7.224189997838997
3.706302267531081,3.4169991528530748,4.032222029649034
4.629314766444126,4.664500963779201,4.247067801864279
1.9136172938835578,3.9218016101159847,6.672591764426983
5.62072517648104,5.385527165399278,4.774424444946809
4.791413423533728,3.3892672287985595,7.733712375045515
2.4296252096131794,3.0814599773910967,7.159554197392069
4.902282336830603,4.842816616480316,7.902475845291738
7.126127862761701,3.4308786079198947,2.035251253903136
5.525029312152594,2.5769432318865677,5.796882068170679
5.0916857073199076,4.533943936353436,4.271296018086423
5.580225358969233,4.7143195767240424,4.503609624521613
5.663940014022694,4.957955993548523,3.88515133173629
4.9805501256972065,4.989102291792811,5.017785875268532
6.160794229282043,5.946632347375323,7.278562885237234
4.9083778835365,5.0240592313972625,3.929511981800582
5.592132797895508,2.540476409388143,2.94269552757489
5.704742196748339,5.124025592983448,3.754192641310816
5.074184054136929,5.02770599974111,6.918192084639006
8.161966785710792,6.419505679370356,6.705242214284441
4.916758647220778,4.304717088298693,4.3306645498830605
4.30026698900695,4.994870764788132,7.79886887388812
2.9933970539214534,7.16668678978374,4.36576109913256
5.679168764124551,5.5310474881148535,5.195349239225285
4.98765594157024,4.889837593707364,7.000919077121344
4.591765647341847,5.853306688472291,6.033186635901177
4.768466431582152,7.397259232733159,6.93208911682974
4.506361322639836,4.299316527328271,7.337762016726531
3.3748175598512593,4.368199599989948,4.235429410054651
3.603889579432442,6.636494928338651,7.256385079191491
4.546097177830277,4.440765312627152,5.604978566695623
4.874051779606139,5.938968742307584,2.138250575421211
5.95705360292759,1.69263816516768,5.356888351028685
5.429497300351306,8.286653646420632,6.168355443984372
6.295787167080304,7.009248451215969,2.972645791861639
5.0925500775255905,4.552234201161883,3.4332998882742336
4.919309023857697,4.702162995293902,8.915090545640844
5.615397270936422,6.3661332735991065,5.245819910861081
6.788794185106871,6.602091679112187,4.128796222972456
5.28602904534804,4.539107662877447,5.347683609408149
5.4277103270230045,2.464619481466278,2.038684382272873
4.882425104478336,5.222881298469081,2.195354047000934
4.709450901304794,4.553429054316483,2.0339589984928
5.138716424635272,5.137260164473712,5.176472649924172
3.0090077866112517,4.911777713199563,7.313671320531196
5.409766151129234,5.048447569179231,1.9286994932174735
2.9300343923483245,6.6776206967679475,5.348265294081032
5.633565244990518,5.322029873651687,5.926429383594684
3.459987402578996,5.242454378845334,3.8141170073621304
4.6966031883340955,5.162643178016307,5.276820478247804
3.680729952984772,5.480732878267299,6.259655596909752
5.346617351347767,5.101484555351933,4.0940428076779
4.5598174063578325,5.521219973641724,6.218387589808499
5.0053222614523705,4.869430097171228,5.637138492807577
4.531982647228418,5.5052504584553414,5.610312973519441
4.937228763125382,4.717745539477151,4.899023260604127
4.053387815349162,6.014679043780708,8.40790965161095
3.1278519676542764,5.980142082551008,5.189079902933283
3.654538460388283,4.428853294799191,4.381945184674497
5.932516015268129,4.701418474572871,3.097012062519099
6.287539806451354,6.0497087533787965,6.885839567719243
6.959103940960158,5.411025475375207,1.9031083387155765
4.625560441314566,4.698247295251184,5.528809097139043
5.953613188912297,4.6841600358347195,4.376712366430299
8.803007817374517,4.754092359672989,5.843384986932614
4.4791505005970365,5.051995687631322,6.389445925839597
4.930852672660307,5.014056389810329,4.943737095830313
4.7711725112794685,4.705136000688625,5.4576798193120775
4.947851662365122,4.980990163135097,5.089547821531712
2.6212125485756546,2.332761019533632,6.704808413995212
5.694647990234885,4.2965624169104055,4.483334786314123
4.9425025619488645,2.523070345957756,7.740148374773447
2.827380483065894,5.0426321060415455,8.338643216355468
4.927126740410773,5.0178033903561445,7.398191897377703
4.915440396579025,4.898304195810233,5.011813645601454
4.69404289135008,5.087418290421484,5.072549269834482
3.7537883094469806,5.3385749923724095,6.42939556626715
5.271122426671394,5.027874905725439,6.601663786363326
6.0860926187513575,7.100943965877913,5.534464304189242
3.919125335899392,5.078143448913572,3.6190575814637764
6.2844419462817,2.384514059152826,2.6613176476096756
4.837376147098468,5.89117192102212,3.0623439155780066
4.917318319305674,4.9881566210532,7.773646885904505
4.787829436087856,5.312359544520906,1.4339954189886188
5.408164420563293,5.315800409406083,5.280737375098905
5.026770699224715,4.992820529523151,4.081479469084087
5.187072442443339,4.757804508136798,5.301034820534794
5.490025426284594,5.263380324071564,5.049879927009147
4.65314073953516,3.1948127897655345,5.908220766093934
4.335360778140516,5.944677440606263,5.562438530178943
5.804383549986346,4.973961367350294,3.510875046233096
4.091491340610408,7.659068000777424,2.2525375896447164
5.001092579140797,5.015415195542051,4.373373141408958
3.154507157109255,4.1612700979364705,4.244797078290887
5.200246272722587,4.662013816439695,5.045550574193319
5.125696646375994,5.332765848847756,6.223317484520427
4.99424850406157,4.97794334567352,2.8900194250481337
8.462296849576825,6.4063413748604985,4.389679541326026
6.104127286411338,4.383341521860294,4.078269239528938
5.217004249887398,5.121214818459402,5.074981269212497
6.317650585125394,4.212129843541171,4.768123940427985
4.895578600030308,5.006038070706474,4.426495371899591
4.564856317876877,5.1471796639027545,5.797064412700115
6.9372211137974045,4.672014863812188,6.500725291920272
5.1237653103171095,4.992513236350949,5.239503110781059
4.337367788930744,4.085815135920015,3.5232890258717395
5.329409023716904,5.3383007075808235,7.391680815558024
4.572301488723797,4.983410761557258,6.632247172457111
4.93935186082371,4.988760937238909,5.045261057142046
1.0780503291030863,4.643025331634566,4.824346049344796
3.7265745222919566,4.405730219497696,5.42616284069152
5.434009458831087,5.051298485412471,8.08349205143231
4.95816482451742,4.831684988995199,3.7090119748244432
4.934382827664885,4.727482240125892,3.120722700599867
5.894240868715549,5.793082713844506,5.9928832276806565
4.074642796350321,4.56285831466444,4.088983439972575
4.922943014980313,4.96470424663215,4.978642241973986
4.597486763920463,4.109271938052201,6.0575574809615205
7.243378809526915,6.334308041544931,7.417840494236422
-4.62862931226647,-4.862292177793938,-2.0798198290406926
-5.8519295910929845,-6.743821408783799,-6.600202780358046
-5.122352816874339,-4.7713592634829824,-6.728026614436558
-8.501423084637661,-4.281226377696516,-1.7292049779496041
-5.326856543618011,-5.714649287506031,-2.2201660708024784
-1.6691280460703655,-7.062103688975826,-4.698742874325133
-4.77444593677533,-5.439686626594334,-6.022487906102411
-8.007523530458633,-4.035256350154858,-5.5203529941473555
-5.212749850723876,-4.818948084362726,-3.1127074011585982
-4.9836355817288,-4.745515595616247,-8.14817031071431
-6.670731695174356,-3.2743501458869084,-9.02238629921675
-3.579717884879468,-3.8092257272706647,-0.7751868405363513
-4.4915834872148155,-5.093330392291,-7.06150539225499
-8.679807798453306,-6.84353633264948,-4.357244908648342
-1.3908521933328797,-1.2612989122085798,-2.78795794989007
-7.242861091898762,-2.024721018345161,-4.54182418387461
-5.423051490751916,-5.128807877023726,-5.772888282352247
-8.500918086085424,-5.733856354381658,-6.9588682833326025
-4.886403596761945,-4.974230698340841,-4.381445806598082
-4.338005780920312,-5.211234011453058,-10.186318558555346
-5.220381030261105,-3.629514161680593,-2.228182687536921
-3.3519520639209004,-4.8318278096707274,-6.611104601937377
-4.723984136139541,-4.85619371687486,-5.141866352032654
-6.111704054280265,-5.612938536864634,-3.100451228107061
-3.205239357922844,-2.890955503714639,-0.34178920515926325
-4.951823201677576,-4.987072205669069,-5.11559484863338
-7.005867747030365,-3.1074860296895137,-4.289115405788835
-8.542633512339794,-8.444342334069283,-7.607728464785626
-3.192344460053877,-3.4690387243865954,-5.030297935740894
-5.752158020331625,-3.210513634629428,-6.682865400623679
-8.011730678925229,-3.288670657663161,-4.773786055536252
-3.825301414922259,-3.162776933998304,-3.279566992448828
-5.919188879631225,-5.035096440460609,-4.57903072106963
-4.958979541405672,-4.9756660316815,-5.100599547955333
-1.5139612069698702,-3.9510431152730296,-4.63318631034909
-8.406689989945882,-5.4267853127525525,-0.6714703011770426
-4.998279751943074,-4.869820970225637,-5.624764193564236
-4.376665827477034,-4.574238911813222,-6.015982183168501
-5.343165421458003,-4.822184763701063,-2.8125049409135623
-4.986122828489046,-5.008190381554575,-9.852426618696526
-5.213426569022654,-6.304643442267943,-5.928652161533212
-3.976828972105008,-7.339527031668013,-0.36443603089725585
-4.845000217657914,-5.161130306924905,-4.7576256218943955
-0.4235631663960904,-5.794931580286481,-8.209156705736532
-4.821547621664175,-7.139116599972122,-7.59076768406061
-7.0952034996060975,-6.698288781086593,-2.1104487234995886
-6.057161627307636,-3.807334343358998,-3.4745495797615162
-3.3940471702005945,-1.493658668820609,-2.3277297609873453
-5.369102548256548,-5.877955371808177,-5.302907639392275
-4.849248217578564,-5.004784986091554,-4.748253692222705
-5.74735081462277,-4.84453891981979,-2.7530220084083683
-5.713575461054505,-9.275422039544214,-7.7291474565632985
-7.895752640355687,-4.910681023891028,-8.481890549501607
-7.823450277348401,-3.7130434469173563,-5.009059970442289
-7.640456940534141,-3.331418710306483,-3.5758787666768477
-5.761341343480184,-5.022129087292261,-4.834872988693456
-8.17492151360769,-1.4840789174867521,-3.267658611732333
-5.004562881063553,-5.591997729194826,-9.684497561398075
-3.154133164805515,-6.8628305048075,-7.93887048828126
-3.739061601513891,-6.141797714832205,-2.779558760437145
-4.2446974248645395,0.3549534630756659,-2.9407448156149383
-0.8541225936337513,-8.17810741745147,-5.726934142435992
-6.972408893054414,-1.9579284931608618,-6.343825844687892
-5.8081302742703045,-2.932666514961253,-4.777394811439858
-5.303142248570953,-7.060884216231181,-8.067754285222552
-5.77587294241963,-2.831960040959271,-7.572622255710449
-2.7646290678089143,-4.227335417887175,-5.038328293159454
-5.569490755603763,-4.420530511961665,-6.650956295153886
-5.306881008173263,-6.693296042820456,-6.732701018094769
-6.025961015459562,-3.046249105108237,-7.643432674870907
-5.240814536336702,-5.255021851025952,-7.5447499373802485
-5.628626921941619,-5.992202668477945,-3.9410682516904956
-5.34708931533723,-8.384689936707009,-1.9553737183811206
-4.129834495571176,-5.656503617961051,-7.996713561193149
-5.242832591427788,-4.890475332413643,-5.30645403825791
-4.746629549304215,-4.562639547542887,-7.151318895175645
-5.4390234492088245,-4.050443296835742,0.20539971968497284
-8.798147126417131,-3.275502122520518,-6.770295265423186
-5.191469234827391,-5.829405723070288,-3.257297765383301
0.6095565501503808,-4.5364482408038125,-5.068917641407881
-5.0867696725263265,-4.80217125095121,-4.594311683109837
-4.5789899544957855,-7.218933551686861,0.30679583643314956
-5.026877039378761,-5.049519429256999,-3.5268465185511717
-5.005730972352745,-5.049731962323746,-5.021707971640536
-4.109455632728858,-7.176576918833012,-3.8845348512620745
-4.855116914113195,-5.683682949500579,-2.96271302610201
-6.1351430475222495,-7.500777543770472,-3.2912658669383807
-7.248046928095365,-4.104400330955074,-0.8770547020180874
-4.0841994784037094,-5.094713114610218,-9.970026806908715
-6.844194391299094,-5.854730435420899,-3.7100924905062
-4.346126463326167,-2.8616877738316933,-3.714817015664482
-5.1139239684083275,-4.586757404734606,-5.778903664416731
-5.088575801771021,-5.239226721422096,-5.127721599855449
-2.2947740122975864,-6.383962118361889,-7.359669702241073
-4.847625812230409,-4.68283403255226,-5.160210265344577
-4.356256052393839,-4.633637373735044,-9.340231715717557
-3.5596280055291514,-6.326756906876996,-2.4256458541680512
-4.96465576183441,-5.020819287185449,-6.190791549680575
-5.270491949251047,-3.3830082107909876,-7.7912778248997245
-5.756901288036689,-4.264533026119954,-5.302923562366954
-6.228661424789887,-6.94112497129886,-6.285331509836476
-7.061452765994401,-1.2463227554289138,-7.162175018887387
-4.637665647636022,-5.352636208610722,-2.274993370288248
-4.559690019721938,-4.64688755963212,-4.309020791077927
-4.490459830646516,-4.876036203417849,-9.311195701382122
-4.712687008452519,-3.923598709371987,-5.120745160559953
-5.92432710897479,-0.9936198014160142,-3.3474413445919047
-3.5165353449973766,-3.72610902814369,-7.109162067631004
-2.513567096010469,-3.9111939635289126,-5.209499047630267
-4.992560358247715,-5.211060307262677,0.10424300472829451
-3.3926845793226557,-2.3101582924111455,-7.873598979686777
-4.873802950712487,-5.075790893666398,-5.131614532677461
-5.595084228906669,-4.350121460273828,-3.4568134491319027
-5.339335637229661,-5.622853451247055,-10.17716192651955
-4.989051255569738,-4.929723628698135,-4.916143569359671
-4.802950217998283,-1.7632490333437745,-4.5670310553364555
-6.37362077292994,-5.696736310531095,-0.9136799127737385
-8.282816679550246,-6.315123885861296,-6.189513972702714
-4.504737389874112,-9.189136703921728,-3.2597181496583003
-4.8086609339918445,-8.894393893110134,-3.0620326855046036
-6.0264152093540115,-6.8863052814732235,-8.553724467698732
-5.140549218461538,-4.9534824201031125,-0.07298459681918246
-3.2239956177757243,-6.457241817838093,-8.119494595969886
-6.689618407766091,-6.638970699772408,-5.537427096588523
-4.876616077637232,-5.007608182820468,-7.828754851872139
-3.255628365232334,-8.745401125473483,-6.192533822191958
-4.124901841009551,-4.7498705814518845,0.1784630693673952
-5.111054625094086,-4.766264879721532,-3.3873173024748926
-5.6627726456911045,-5.321471491789698,-6.915720161296041
-5.476362565314009,-7.62882540682251,-9.903905112121397
-7.919767684076566,-5.95551965294694,-3.3843666733139175
-4.774752659877251,-5.975113600765052,-5.3891028824000875
-5.810913155751394,-1.103443279723531,-4.869807348629112
-4.753055996596268,-4.439882234100072,-10.912971681487369
-4.2704635549974395,-4.74294644699609,-9.879797933163356
-5.203406783802587,-5.100940801877255,-9.468681122393797
-5.19134497064643,-5.471127408527794,-6.140012648961488
-5.678523513702521,-3.6917722347529978,-10.0460379664258
-6.50440569417627,-6.302711658812184,-2.5521342910941924
-2.4422027841556018,-4.130420169460728,-9.601263639673405
-3.7273528551451913,-4.083973369515577,-6.207300605155502
-5.012963534899277,-5.041447082349728,-5.369764896821695
-6.881421586641074,-2.947155068697911,-5.6340291160864115
-5.203057327260176,-5.376807180846739,-3.4385813958560454
-2.9899821136753237,-8.564355070936866,-6.292712943882832
-2.124634124101644,-8.823498187611966,-8.176639579141101
-3.7570328998032316,-2.664251508894362,-1.808238454039424
-10.011207722623764,-4.5671107982368095,-3.262223045436626
-5.261025379513239,-7.575837358726599,-5.827789164591325
-4.358687561153094,-9.22401767561945,-3.216225234338765
-3.989923692410592,-9.562432597437812,-3.0635199079691224
-4.763176338715148,-3.284454460924266,-1.102153448256895
-4.800803050288411,-4.47249159137157,-7.994029935552767
-7.238368949498616,-6.420758120206459,-7.65944594751061
-5.000919119950097,-5.016392884158992,-0.7969900946596269
-5.42921788006982,-4.074916025357386,-6.125101505122912
-2.1963929801555393,-2.83360640288178,-8.32288960544517
-5.0361505893351275,-5.170495015291661,0.6992830111981991
-5.786604928446631,-2.563347581658498,-3.88820325025595
-3.007396603832432,-1.5638808218679197,-6.38435679203905
-2.3789610806353267,-1.4988736051903948,-4.3459911011595755
-6.01223549047324,-2.6572096497398574,-8.045537390624208
-7.666844882829262,-6.756063964189247,-4.238268007750959
-6.548062131393542,-3.089993872793406,-0.3161669115570893
-4.80228781455294,-4.974187383865294,-7.68617022007057
-4.7927356477866345,-4.85548009077713,-4.734361052120885
-5.9888200857444716,-1.1987399689522618,-8.201651760826806
-5.944738314016406,-6.482577403929366,-1.3582338137943002
-1.4343596815850388,-2.4598983683427247,-2.392560537774254
-5.75887716945023,-5.304089630504644,-4.849437337319218
-4.923565897245036,-4.928326675037336,-4.848120037448552
-3.6774786396571946,0.3768545119249609,-4.122286521255602
-4.802709694916079,-4.629140334730222,-4.219493030923368
-0.6449928459821068,-3.0425712411685613,-5.895384666123417
-7.040104954958842,-8.785519460597591,-7.429835407341604
-5.806896148973066,-4.811119737957117,-0.8293030489317088
-4.848759022453917,-5.270844271184023,-5.723906898484411
-3.2112073803113885,-3.719317097667274,-1.654073292227718
-2.8691615362174687,-2.262437399316961,-0.9475468239506277
-5.775314833558899,-2.906834632236619,-6.239485440910682
-4.754260084341386,-7.456895826993847,-4.75681778860599
-5.911985355032302,-2.504263110460896,-4.994954656826125
-5.16226833991536,-4.894745418293639,-4.54583883617521
-5.977218537217686,-2.092441064973949,-9.385965245961852
-0.7388200435084986,-2.649570351967622,-6.8748505234792745
-2.706264223091959,-5.917609771613652,0.4540257622553785
-8.090095396372964,-5.972764116082099,-3.6461700464386597
-4.404566124406603,-7.457484791384368,-8.731035578521432
-5.64693713403955,-5.996521475475145,-5.259132690608617
-6.3353214709334065,-5.119915232147536,-1.2258846148912625
-1.9640138907416644,-3.081902890240011,-3.4830320659028415
-7.330846329783838,-7.918137038610074,-1.0897557249085081
-2.2119549294477587,-0.8769105356391398,-5.273374638638779
-7.2846565054233166,-3.6368789397385424,-9.962674730404693
-8.517951233592337,-8.70465115608463,-3.9631988386824446
-3.974632804618885,-9.994119639537919,-3.9164695990138148
-5.044459498944834,-5.10281990281257,-5.365561575734054
-7.333820555308575,-9.343827745922244,-6.203287432039749
-2.886427158388302,-2.127430025086896,-5.752483604339847
-5.950345419721365,-3.6227185942936417,-3.4474193018164114
-6.581714376277826,1.4231517279102968,7.888123978918188
-4.643942698212068,3.850698984684255,9.447403043217113
-4.977461205609057,5.045232733570499,8.174409509083713
-6.346318836264218,-2.480336492722901,7.246456013694741
-9.77514223818331,0.6246503252622277,2.201936568170393
-0.6516524237277084,7.819387676290649,8.017154501854225
-3.40147128968167,6.37676038253071,1.2545207489368755
-2.768400756673618,6.809675257280462,2.6742758215785916
-5.21148668921837,3.698775439206475,5.670864379239117
-3.8597051116456806,6.409025393403981,3.3578061011519678
-6.127312917189845,5.231740039386334,-1.0837852196895543
-5.65171089405788,5.8189182156520545,8.475843079225896
-10.499657807195803,3.193773018171118,9.038424951067135
-5.317452798297447,3.8682348693975603,5.136031181451909
-6.62158374233586,1.2705925303561982,5.025678270753154
-10.10594368573882,4.500512187806706,4.315905586334425
-8.266134820700977,5.744412644375493,7.4237743422858475
-9.928662967964963,8.685284772956047,1.4316217643900737
-0.4035889608313221,-0.4222839281723614,1.5153316024423096
-5.437365134320005,5.785575487800125,4.775692958370008
-5.021390387695507,5.363070699429845,5.973946534735265
-5.043661474012222,3.961052230613669,5.0753736093672925
-8.119627615862669,8.78241363808293,7.378531842607988
-3.294043661153053,2.5563413444077536,5.083925936125148
-5.670156164371229,6.258263731277024,-0.6906667635058401
-5.962805156471994,1.9087625279758207,5.1982738082380155
-4.788340816840326,5.061649911329926,10.016011589393797
-9.548919440396581,8.981908161284958,6.176157153606107
-6.295024304774433,6.951911875851732,1.2922303335501661
-3.881078761151811,2.4873747062459737,1.6739162161210381
-4.309805172108959,4.855055618335815,4.970315325038722
-7.2522573285885,5.56500672351609,7.3254180931382304
-3.0336680500039037,1.1310222551208469,5.477914987129142
-6.125891100869264,1.5573478818228548,4.26529070215999
-4.997150371678227,4.999407741120029,-2.2062554137436265
-2.5573142800633204,-1.0461433314240418,1.826280469916174
-0.23763301286978145,7.520703258964312,1.2315786709779948
-5.68629757943889,2.0782174895810255,5.080597137091081
-10.021619791260846,3.860968624458369,7.532804546406043
-3.256199769538631,5.1807265724917,2.3681397112794484
-5.015348244898541,6.860449671266938,5.029622934848476
-4.959660600414836,4.97839910096667,2.257160521818717
-4.497051039354657,4.747945296954348,5.07624589830785
-4.829981188812834,4.4635834471502704,7.593884167898859
-1.9242248194668097,4.646332282419669,2.9998342085144696
-4.611778878453957,3.953661797665707,12.56193494455993
-3.227938869833042,5.113771280504643,6.770122019007049
-6.523788986243326,11.288808831437112,8.20187188910091
-3.6879929939279066,5.255615481807048,3.7488527632991633
-3.731841526459826,5.851488395111429,5.027663573654003
-4.927411471913467,5.366018591696829,9.135161841953142
-10.020382029549305,4.8877305387428,3.069057607580993
-4.803856282839781,4.7210349768496,5.097408724423622
-4.721876337927352,4.672141020940356,3.2845282903685007
-7.716221440874965,2.5686294795012317,5.005012664958542
-3.112419806486665,4.085204045015522,3.3837459723363787
-8.618296179110313,4.998583040712691,9.405561726645354
-2.8609426155898987,3.208485437919172,2.010491847050243
-5.9452290273213855,5.280644844042177,4.179303165945603
-5.361526415381762,7.0927963524273405,-1.833291609833326
-4.784981928099828,4.875401751580146,7.330030370615429
-9.397522226131477,8.735096828660028,5.960324244684328
-10.27568262227796,4.887143078184552,1.670791682090321
-6.079050647617283,6.9965095594805415,12.363467636568211
-6.9951820663362225,1.7286026484224628,6.105363432450881
-4.109921983745326,4.972202969479829,0.15446546757281343
-2.4087240880882805,5.418993275376241,5.535565334342492
-4.798952469322178,4.853636862569826,-0.4197320578820962
-4.341759277227101,5.016240871083582,8.648123860740155
-6.784172090929227,7.043647590056429,2.786683848173962
-1.7585345648343234,10.775857404705583,3.2768768329156446
-4.9814923750681945,4.599076780799222,4.999319531920678
-4.387055563989728,5.201761836347965,-2.0261287792504135
-7.549261230035885,4.1095293251652265,11.25889780270256
-5.3621459810761785,6.248677474387861,1.1633753181860933
-2.8405341754020856,7.408563839349363,2.783098280586541
-4.712509314076189,2.916026555931021,6.988038322082231
-4.508416089344123,7.367538085032582,-2.5769074476980443
-4.857165114294725,5.855664550807766,5.195928779897949
-5.408267433127354,7.569674660329227,1.0598543932146458
-9.381440492785197,2.342737570264645,6.866033806441765
-6.813815171586172,2.155101412054524,-1.6698478738220768
0.6407435201205844,5.626422060718393,2.4023996230089324
-4.887233513846446,7.205526003206936,9.65332664715758
-5.755954586080228,5.350108881828401,4.576627887519568
-5.832982551030545,6.471590271223734,7.465739971271134
-4.202212496679356,4.289233155725981,5.303436487214716
-4.156362366021535,1.5061886798258102,11.064639668814253
-5.291419261709507,4.7053023239549985,10.982630542932341
-6.966426327777592,8.184503586479895,9.766473679733096
-6.581109338642557,0.06297698498446103,4.405050281905578
-2.7525634435254758,1.631344704613316,5.234844458822536
-5.993012376576962,4.326695481976139,4.994357192518421
-4.602238359790151,3.191798471043433,6.878539560590074
-5.005146648589218,4.0848373154006135,4.398177299017443
-9.18167871586807,2.9762071348065966,1.528722757316526
-5.440379812116618,6.06918518013383,5.553170276004554
-5.054282210754084,2.9522088468303114,-0.23003487789666988
-3.6644825185688727,9.79837970178227,2.5788707474633394
-4.4691189715443125,2.1675836279750906,2.7202935469485374
-4.721821682485726,4.220369835715805,5.696525749600282
-4.997880775941324,4.995649582325746,7.51840195984963
-6.035846763354754,5.177995688846056,2.664886872083179
-3.9512010147091283,7.7745519590973755,0.2464329669896017
-4.721801358647492,5.2013859017454145,5.842643222431807
-5.255227982869888,-1.1151927995216733,7.555383374428907
-0.9796735735556554,1.5118425316845987,2.044634197447016
-5.772276482670534,3.9251919345309645,4.314555769350376
-3.491939148481566,6.923136893802592,-0.2084480480326567
-2.907018623600378,4.092668854817044,9.83719041117713
0.8268947845188848,4.6003840898898485,6.306685545295678
-5.415263772664396,5.184745809026062,6.441471791347783
-5.981355455886039,4.334645164684412,5.428562514829708
-4.98471896226108,4.911553093959552,6.889741483103959
-5.078541975205303,4.083786544269494,2.221230728499094
1.1972773693482672,3.728263665804347,4.461202784440963
-2.985885970112322,6.773052654318388,-0.25829441548290166
-6.210739343600791,4.327191484564364,12.272889420379652
-5.109670475964358,4.712871922506096,5.354295168782585
-4.948141118278142,4.95715259315072,5.0634176985477675
-1.3138073253874842,1.272330977281169,6.949193122089562
-3.715413093443937,4.821290076577582,3.1806606741947374
-7.497481119608148,4.81009853272419,5.932460631961173
-3.7255420739402845,2.707795608424554,8.501010308007613
-5.149080046724202,5.073287278425745,5.802287213508407
-6.12230441807928,5.595911049641938,9.982059217838023
-5.037452915641216,6.779954730977246,3.103557649338485
-2.9272395925661456,0.4654707525483355,5.873343129938124
0.03728388223481627,4.549852884829701,0.6480509364251654
-5.045830689343419,6.149579351955712,4.258226099914386
-2.116834616276346,6.061219496481568,11.78371228145539
-4.262525836580757,3.3116090163570258,8.824889742300838
-8.736362037680763,1.4811453007866966,-0.30774740844546233
-3.7644589208646515,4.680273356746179,3.9356093355058097
-5.063110060376934,9.485320534942304,6.80822061896223
-4.298043824376889,5.335868596303466,8.135990631376293
-5.2350852722669385,5.011171816720678,11.18930449946463
-1.723834345402643,6.950489594235501,7.993053688831914
-5.0084819049811005,5.1142889517740375,8.954463360775357
-1.6047426463371184,8.437237280537646,10.477621557798962
-4.527334908415944,7.8824770587209425,5.754863989650586
-4.485260976961102,5.405235355344334,6.633361760281797
-3.499842265781938,4.552959163541313,9.606088653495837
-5.284841616817549,6.5700960469759,0.2696724170284499
-8.178630317704705,6.169311033102771,4.068075883128397
-4.3601728226458905,4.526557127317343,1.1893582633543796
-7.9955473688755045,-1.0973627338525924,8.574409037295922
-8.66980168295439,1.6380129593050636,1.9037746564322227
-5.146221713930584,4.489971943612466,5.708086454931625
-4.248570870538359,3.60886915851785,4.383513235180031
-2.778516399159395,2.851809283985873,12.166747694515982
-5.023725808060258,4.970332031247141,10.811600274620465
-3.7960355682843407,4.004086691424136,-2.15166495533414
-7.3358451747872735,4.471747471329657,4.582853622324198
-5.230403120051343,6.330470761106705,-0.7792918246247167
-1.3890829455811198,1.6123968072286599,7.848265116221199
-6.9525983517978895,4.479350883957051,6.214159864139992
-1.514751613857194,2.6676691003391793,6.3530662296759255
-1.122848387957056,5.999842113357383,1.973187596825642
-8.012705448720773,7.261537016038013,4.209888207083677
-3.5443161446115914,4.504722803023217,-1.4363079655354767
-4.998830449331745,5.531968041705262,11.641682199942087
0.040121856652258536,3.0605382457580568,0.8598282026868587
0.30511032433649543,3.4189705205183687,8.26610989406418
-3.453907499949808,3.586799391459577,8.295283415266779
-7.809079452074386,3.8122140131533175,4.900359143660721
-9.011601345490881,-0.3039417572787011,4.8941978823226
-3.8827163922619006,3.804461359384882,8.563902745137714
-4.810787437726479,3.847442688791431,6.587620130453022
-7.661897410644915,2.162015436995856,6.154808738215918
-3.918205497562287,4.878913232974951,5.320665645138808
-6.828112197409018,0.7257169726926858,8.000499448621518
-3.805234637580167,4.81447504141978,7.400015644775648
-4.973191150316007,5.010108757584227,7.08507354496556
-4.54097576325462,5.547543022622156,-2.6186395250311048
-6.046755883684184,5.329535086643789,-1.1173956850239843
-9.71373650250517,9.1620668403723,5.323273161245857
-4.984158785401447,4.924070056759247,0.010827144989294268
-1.9436726519445267,9.85732204815833,1.5164974465938421
-3.7111085385866396,4.804941517436823,10.931752021845563
-5.688285190945538,6.588728755925619,9.466331957745771
-6.806581632549502,5.8650829798655675,-2.4235127571999415
-5.217814386308379,6.389630536825891,4.3910370718253935
-8.134815518658636,3.2929077931168145,-1.6495523676902533
-4.058691488145585,5.363340250562588,1.9511168579282563
-2.541641650972259,8.369261903624796,5.688258334327005
-5.0039366809484696,4.850939453426318,5.970526481853567
-4.064025448401445,7.2201074124339915,8.586767574439348
-4.907729335877422,6.010991045520368,9.7831056454474
-3.8100536207711606,0.7015032710082663,11.619145635438333
1.24391784050757,9.146630989363445,7.164014027259962
-7.59155529509615,6.0739567674112305,12.204274874106064
-3.6205544657706348,5.201308662734357,7.413411740128474
-9.466108350174302,11.413778576587568,6.343247539808726
-6.006437128380331,1.9686563975727203,6.7537110513972
0.7218000732555883,8.63637530112176,5.6912158436683455
-3.7107839562130898,3.910545933788767,5.381901670362747
-1.9353862071292718,3.0415786975792494,3.2256749272391936
-3.802804765857174,5.928523857385253,-2.578129498033305
-2.485789143447638,4.853432261611238,12.145407164005219
5.757404950083258,-4.7793806013660705,-4.397569467387195
2.096320818695877,-3.1021044808997384,-12.790665319601333
1.1631012797666704,-2.7790963586005475,-2.552642757058652
7.835788778065942,-5.624695697188527,2.0926527693948085
3.430882370475449,-6.127980297548452,-5.951940107588837
4.941740150446119,-5.066630331786807,-13.288153154268414
3.590347776681994,-10.996472234446918,1.8850896765420462
5.614205657135736,-9.852298373003876,-0.9426833726103876
4.938174809067333,-5.070172293051681,-6.054651702638836
5.383231466248662,-0.2472923727557772,2.577610723620923
10.566584997475797,-10.633728286139867,-5.279135929330173
4.424421053102192,-10.10176144802554,0.47927755545042405
4.996044635795193,-5.077368476407955,-5.3590187460052485
5.463456298706357,-5.010028277357207,-12.976165705985697
5.245803438359846,-5.717542698439752,-6.152285240090469
5.886352079623308,-6.632830869811263,-3.777787057061586
10.253330328779487,-6.655765338601766,-3.27679851376367
6.063826865317117,-3.5136107821114466,-3.0815630072537994
2.7748132126641143,-4.968223697802648,-11.22781494806034
3.5895819082408558,-5.781940375004382,-10.862956335576161
4.499995559132916,-4.080609367232671,-4.727328075270088
8.080242348779185,-9.89414429089561,-8.097575115528798
5.357953100973163,-9.577781982784247,3.0177957840393432
4.712997482407699,-6.551232518729288,-4.6729718932090325
10.46745906635292,-5.0979359351675395,-7.396999289861935
4.811515725815802,-1.8060696834338947,-3.7956428834242653
4.62188650381277,-9.12652774820905,-3.0117626373306123
4.99145846735725,-5.002858886991268,-2.130012343559408
4.212497315540776,-3.1152067699013664,-7.892791862845689
5.052472535212805,-4.916638657615731,-5.271821397435702
5.746084335324651,-5.572114590036947,-14.770385073336753
1.0185423667760092,-7.72248537409369,-8.971594486462534
7.244669433009387,-9.409942916534131,-5.764507321486717
2.243222956613065,-5.807401822523102,-2.455981608899622
5.002225958315652,-4.988340240469537,-10.393732526347474
3.091425978512657,-1.8876333400114533,-6.0576275356992415
2.769956198520168,-2.946061669129061,-6.939487974631345
8.842094772056374,-5.659741650338928,-7.5154896292624045
6.28866946808473,-4.954368574568516,-7.44006398737301
5.054481951787469,-5.004920119988038,-3.200332209224803
8.524538980050226,-5.434870380355866,-0.7140315774256125
12.311372080612728,-5.176862186012295,-9.187829521716038
4.510964122327556,-4.927539018071585,-6.446111512694925
5.266366336877546,-5.061636415095741,-5.180010089694669
3.115912086413265,-3.549879542825895,-4.337454040718956
13.764071753157847,-3.5387433931992893,-0.8719218326760227
5.9753973429346114,0.9990546607556077,-10.634175865212192
9.074649768176066,-6.458402453761785,-9.095842639108438
13.739057965320562,-4.242302697081858,-8.066776047247712
1.615483902929519,-6.006260039299844,-2.2870973642397825
7.037147537604378,-3.952303422365194,-14.5622401209813
4.337190161722148,-2.1523676604121493,-5.480794520562098
6.25043652609964,-4.227309814543298,-6.901063832841095
7.52691294694659,-8.072999015887575,-0.011820100918434662
2.1948669346287306,-6.8067772364597525,-3.22044195064284
6.963930184425155,-6.3875406534018095,-10.783691587851324
4.8193978714098495,-5.442709961506064,-1.9877554250020801
11.072544504292459,-6.117754081035935,-5.23901102712036
2.252390610448634,-5.170744535966531,-4.841605023596628
4.768911139343342,-5.27477521196991,-5.361817220893457
-1.2662376772990873,-8.257991154836642,0.7722568692258909
-0.5823771344434707,-4.446125996380862,1.8216883524969045
6.266056979179376,-6.839002872534739,-14.447754909151948
0.7028801423429929,-10.505814111256136,-6.600590930751721
5.698698282501302,-7.091534904854239,1.4612787515037615
5.721628985696637,-8.103219659082313,-0.4067742718437932
5.001681467999288,-4.99567023908451,-6.259415598405466
4.359590647162184,-5.883355155218974,-3.453856467997681
5.846897547194502,-2.412998741059443,-5.984611139899106
-2.4679074557939247,-9.310794164480527,-2.7897405387222474
4.732135587429137,-5.546211799075961,-6.619180956894457
11.417912825008933,-5.111506778093561,-11.630795640642287
9.89568355085823,-4.048808938646218,-6.567804325439754
5.202779265153772,-4.869080817455752,2.1516243650217115
5.359811633988266,-4.810857397036111,-6.024765996770434
2.8724248981527443,-3.4205029829408,-4.534684627594606
5.88894803529848,-6.841188594317945,-14.364592258806486
6.4827608903030125,-7.209888770643206,-4.962701358700862
4.801413008235375,-7.422010713103409,-6.699099873075945
5.340269016192849,-5.257566003027974,-3.070660890277007
4.590522830174083,-4.168915875573071,-5.898681663933801
6.732382099263412,-3.9285684519787285,-3.8634264521269985
10.356943406675594,-2.95062215531075,-2.108358355589514
5.99268976232748,-6.328512718772627,-0.7590569134393208
4.697739057452535,-7.446560249271194,-0.041418156657597294
4.786074893812447,-5.639410755305986,-3.9788706904434106
1.324780506507771,0.8173348392245101,-0.8780518533194979
3.098223948699519,-3.2119802475020363,-12.393692119849003
5.190864498813354,-5.051424616159328,-4.9131744377475455
7.689630236415017,-3.859997538029571,-7.484887592988518
5.02626055332319,-5.174807058565869,-4.335400537795799
2.2189551429636913,2.071674720696792,-7.236149084043298
12.140264662946711,-3.211832587344613,-4.580790728848325
4.970875395831593,-5.623422066917422,-13.998263660761024
4.46539918505372,-4.040626488101455,-7.093439183305026
4.213527164383413,-9.448099268742322,-4.354657710831679
4.6851263903203915,-6.155386255219654,-6.40339406199379
2.934474697057178,-5.458796328250125,-1.949647756489827
5.8767024353645425,-10.047029527346565,-6.01621216811893
4.891836920514844,-5.06038540101934,-4.481278816645401
3.551143012149077,1.1824424134566636,-1.7163755331565334
4.647312593184692,-8.52197025516293,-0.8783371490197114
-0.42664311657703635,-8.402851163120523,-10.262076934865634
7.7078069984781905,-4.7829996842735145,-4.91540564592731
10.188523472343196,-8.688395234753264,-11.408889661375042
-4.567994990734,-7.821767700589515,-5.479708249671003
6.673276097492109,-6.812942684285953,3.855752243904453
9.256769337587507,-8.861798407996774,-10.241955575770538
1.176413616695819,-3.622519252123971,-12.03399183585677
3.2896575834235,-5.082380992585385,-10.475964552060763
3.4004959203589222,-4.064260649555964,-5.426412623289824
0.5036882044309285,-3.5214478135351532,-9.841019789616183
8.959499621914691,-8.065443088865567,-10.072189429381382
6.099395383456564,-9.49903233286054,3.697610322657013
6.870073683402305,-3.093724722449368,-0.29153416886900985
4.538941584835381,-5.382924921698152,-2.3533213505007295
10.769535114589308,-5.148421345411877,-1.3351333770636726
-3.053160270980955,-10.513753143292185,-4.185852876033161
5.002615503596059,-5.011407275729796,-6.772100437786203
5.380387212006704,-8.160865939242994,-4.298789352598084
2.5795035663634933,-1.6824116013879555,-8.53529362830116
4.031558027999704,-3.992435064426606,-5.971717675187903
4.978411541453785,-5.131365748247328,-4.822088053485657
4.384087795113249,-4.999936269113506,-1.6869327455007195
-2.735340651953736,-8.673912391720368,-6.246408899700981
4.918833843194744,-5.341919541881797,-5.255838339279709
5.004061135923241,-5.023204668190129,-9.289225899560787
4.072385595353141,1.8195733142243933,-1.7246445760617237
6.841384479215556,-2.5700386701107876,-14.03107399152089
2.61572429847439,3.8697025961750864,-1.4279163729254583
1.5095146200413834,-5.16544951248185,-7.365365529521217
0.04584529849595054,2.5791480114317977,-7.8871954063804
4.946651667699628,-5.024436705377002,-4.650704752826294
6.716772716574948,-4.400554768927768,2.2341250123206233
4.581805216187075,-5.025652236917916,1.4137899551868802
3.4519009861486767,-3.309040035155945,-4.015033207701113
1.4515819825769656,-5.78536799072124,-8.539651509112552
4.408597777035255,-4.687027313344796,-3.8906269316178137
3.2419649655155665,3.04869575382779,-7.845341602431535
7.323324306828637,-6.598039847247048,-2.7960179729331123
6.485412253225384,-1.581273832838689,-10.029814085232609
4.607195228180481,-5.85368940804087,-6.27980846791702
6.189820681007532,-5.609593374448411,-6.569432056846153
-4.598915470896872,-7.379258396966668,-5.773107638518958
9.187929000904449,-9.114452708652546,-0.28338666616508235
8.836781545729735,-1.1703726611520682,-12.946826387908473
3.3684130453970313,-4.936292839449762,-2.5328849635664614
3.7475477353243534,-4.653349204672494,-3.9904007790481035
7.744470679680745,-4.859877582272611,-0.7862090356641884
1.0414923417032198,-3.525692329809634,-7.574161020021604
4.008104981059214,-3.930750747512807,-5.966166949891901
1.858221645084516,-10.697793467720631,-8.380158589400724
8.232508483744896,-6.319246500442988,-4.051962017615778
5.495055386764442,-4.703893906560076,-3.227870976638056
4.572205581329407,-4.19174698562736,-8.191397252828345
-0.29048401646804045,-3.060114891585739,-5.136885372017649
-1.6826928561487309,-3.066936157373335,-2.9069443626553095
5.7192118175694535,-9.576328832081717,-6.327339967247571
2.194984859014398,-3.958074553462061,-0.6789710998458887
5.553849345103366,-4.904551917883868,-3.7292766319731276
2.830256701656041,-13.473596449493375,-2.3248689742771704
9.556896817300935,-9.026119268961136,2.0198232614624345
0.2729989934892467,-5.414032574549243,-0.08154201393401905
4.949009072647088,-5.02849677733117,-5.166356596230232
7.780603822194717,-0.43441125667357117,-5.5181825446928565
6.1523882658147375,1.177132562011379,-4.673371648847819
5.766279201611525,3.199995176374401,-10.577328896295636
3.6304330345492124,-4.363312372249956,-14.845499129801356
7.664065029604039,-6.291746206379753,3.0488416776581726
4.6841764076315044,-5.043501227710777,-5.552994263980098
8.274642032948968,3.6002712574643603,-7.487095007370734
4.725982309535854,-2.298399563396849,0.4919622870557516
0.1980525846152421,-0.7134069892956934,-0.23466860613895602
2.0938551621429466,-7.843248687839885,-4.774476688517148
2.547734333177496,-4.029670187634379,-6.806574171878448
2.5043498526691637,-2.999186824085728,-1.6491805763787015
3.659149686710439,-5.577525078386452,-5.16061593062028
5.153142111012795,-2.0175232964820062,-6.957294804373248
12.446049782703875,-0.9730661821043132,-3.6248911858827464
5.156454687442057,-4.97580986209387,-5.344906811688644
4.995240764569819,-4.398457738002839,-6.383670032222355
6.045185568939151,-4.321945159905894,-4.8849604378926355
4.823213287335624,-4.706736337829259,-9.016183785010824
5.336770023001507,-7.320929623929457,4.690106278424956
4.996150860327702,-5.01790273064295,-3.2665174148331424
3.961938093310507,-5.868999927471654,-4.467283623889273
10.219403526824426,-11.951570633903518,-7.857654878679385
3.378209234730271,2.939896499784507,-8.482692885453485
5.241248568388237,-5.212544457085322,-4.976164569137414
2.6829001018711036,-3.299545496615173,1.9459115745105704
2.2825152304264615,-3.048841738384027,0.6366467466448844
2.151215668429537,-3.073154848491611,-11.86398504555747
6.626808226531617,-3.847559886382184,-9.525333640576449
13.370526033308591,-6.299329707230376,-10.150661289070275
5.245860980536104,-4.708418864096744,-5.216307476567843
3.792364925305129,-3.1202764223615937,-5.707997774982833
4.0044616747013375,-2.860003829764783,-1.813435735352574
8.910173506376617,-3.0175774207319925,-3.994732105781309
9.33517692865134,1.1486136617436147,-10.319076998092301
10.342280217106605,-3.453079316242815,-5.653886273470477
