Feature_1,Feature_2,Feature_3,Feature_4,Feature_5
37.303309231921595,95.1620025208807,73.0885674291933,59.7898600484064,15.622762074494545
15.648385927949496,5.735541031597699,86.67862943063457,60.22992348133992,70.88010541329929
1.9618269045405197,96.94651556976257,83.33178862865644,21.389050088423318,18.05540210436315
18.370727174384307,30.49765417462846,52.33599274297886,43.296390009782684,29.334399591696236
61.251672262935145,14.005955053705474,29.13934110673555,36.58714967277835,45.542274830746564
78.42915410895547,19.94316389122285,51.45436345277186,59.15569730765227,4.610301143425847
60.786379249185835,16.840735943072858,6.600086614608322,94.90985794171455,96.5858738192738
80.95537036025084,30.555191396652468,9.827939720519362,68.45126666625647,44.014272355704385
12.145733760731867,49.42161452172888,3.477584124790835,90.9714504513621,25.892112546651553
66.11782825789815,30.905586552442898,52.01236181727418,54.48763775266944,18.517236599410047
97.15332696870762,77.54640481996125,93.90624129724773,89.37815154201873,59.73232974898618
92.18373328941047,8.95654182823519,19.61231107366289,4.493557115648466,32.6003394530027
39.01533373408917,27.16625700738807,82.89287380051695,35.50933734885738,27.957272104526147
54.120626619335376,14.073294281880838,80.13631933678958,7.405459728930536,98.60404630840453
77.1486593768241,19.686155165778274,0.5742110212851782,81.61615825149671,70.69270585083613
72.93720484248387,77.17354261688554,7.446983960728954,35.931223935627976,11.705976862938298
86.468176140521,62.13723671925707,33.13651961537016,6.2348279772855815,31.238847660595784
32.52493800488469,72.98825102742774,63.76746902313895,88.74231191253412,47.38622801901872
12.083388645565737,71.48492545441856,76.05903524998756,55.91524670905661,77.17144748236556
49.26791193231822,52.2370781260419,42.747889053135324,2.5421153465351685,10.853520059857066
3.0505787258566937,63.7036939772509,31.416570909167675,51.117282356111,90.59763049035277
24.941972142577754,41.099777344462,75.51399327574406,22.822435168358222,7.83044600866886
29.05924178340345,16.042250420528717,92.82147305018076,80.87088144166637,63.37265331949088
87.20315260086754,80.35408733452415,18.7428831916318,89.41593701040549,54.08726973630389
80.66212376726106,89.85909014778943,31.866165427635565,10.862542571006689,22.837248527959847
42.73372965237249,81.78981783060598,86.05272232178498,0.7654336630286441,51.145342635480475
41.68243276216731,22.157196593842375,11.92903646678643,33.74403889295867,94.37961498100486
32.440547548938014,51.857633254364124,70.41178875846907,36.40712962838579,97.19151271746281
96.4314826530174,25.211141105336225,49.71131128974115,30.171401076545546,28.36096416174299
3.6667598918124304,60.98260997394096,50.33983945963321,5.171981357818747,27.735741184054394
90.7380932117158,23.91308838272113,14.51364460502423,48.815583582290124,98.705954760179
24.23681795558994,67.24212708787807,76.14464526904626,23.619422129185853,72.83071599251227
36.85313667428617,63.21525649676053,63.45988688967765,53.57123590997133,9.098579617173979
83.51917683706142,32.11594121905469,18.73866361378957,3.969472705940943,59.1540260155432
67.86186721414845,1.87782166906306,51.21642101111366,22.439656894275824,64.33919537108488
17.34792727048009,69.22201602019179,38.89320994206734,93.63235355179627,13.757419588626323
33.848510808061334,11.412488894740848,92.48280328624004,87.7089322495805,25.69780588651364
65.96316412934917,81.58769652578779,55.4340052364615,52.83799537351989,24.083535347012152
9.194762244506075,89.77928240971868,89.92682291803132,63.30491537722302,33.7937835647405
34.81568358650245,72.48635655848251,89.80878735481575,88.69038802044678,77.91283750828332
64.10275300115269,8.27956317760813,16.091035411873754,89.71176226346238,60.59944379110927
0.8489231668982663,10.069231856419536,66.47399955325729,0.48175572730676386,16.06259674861525
55.00157698280473,69.0536457355657,65.1474222486349,22.272007691708964,71.22494951841306
23.785623135462554,32.29747974370685,74.73513964732966,64.99439375260751,84.92598954590547
65.6371045990536,56.908054686745466,9.535765986492617,36.73083142644852,26.488491545984346
24.401238990410643,97.2611097673057,39.29195603659724,89.30750511575819,63.10723137070363
79.5101352701548,50.467027902190296,57.83681915242285,49.14710126573208,19.698730304790757
72.38290135245184,28.22667494430766,2.369046997172178,64.56838503480894,17.671905753346653
94.05796153831416,95.56803543909263,91.50044484346037,36.84387762829401,1.5083506963382287
92.7664031168706,42.99739658962718,96.58417047844266,96.32127923115554,85.26368701150692
29.604849858708445,38.605810758167024,85.17046487620591,31.71548999902204,16.970782774238877
55.68774107774266,93.82100718182775,69.47627298493593,56.72957216998123,9.761951477040986
61.64099527376612,99.02394033425452,13.810393088077502,51.907547075738584,87.63081870274235
73.94849908408378,69.6037967059532,70.08754289390077,35.96944890770172,29.294400570907843
80.8030661201768,81.24932732832065,86.65409355021154,91.32922726933626,51.28964288312582
50.219378757592395,80.02036347479334,64.92678174294711,70.30143055544328,79.628320776199
89.1000379052684,33.88395300364909,37.48109886719516,9.68053667437788,57.601947870437314
3.5078037650561367,46.62791486300644,54.29352824187359,28.66751642549698,59.15488216101429
2.965747442035212,3.8188102692538335,82.24713681758791,36.1591600688992,12.675589132695878
52.271106608342045,77.06310178091027,21.67262071474101,62.292784827330905,8.50609466836455
5.090671158704188,53.18407968057525,53.87378045970125,63.7738812009617,72.64746282558086
97.77260959069524,51.56396914542891,32.314419114885,79.53452575706757,26.972619969581274
43.89659134355886,7.711482540387692,2.631370805129058,96.3239144849137,83.64116899745922
69.53372452768419,41.03717091317693,17.22095185595561,15.648706222702783,24.90737058954464
54.90434559799948,71.58669778597175,66.06697845943627,27.901287301333404,95.43432077505524
73.75174391589195,55.35197527925956,61.199333504112474,42.17838836562382,24.717155991251836
35.790249495861396,75.78424943390573,1.471565761373954,11.63335042595868,4.430628942397974
4.1183494850025175,85.30285457096608,70.38670815511803,47.43366165312718,9.629924574623985
49.16806460277154,47.31788885867284,17.30481827228107,43.37080778885508,39.79156763229105
61.59257976249605,63.59593139732153,4.506505648727672,37.456236278766276,62.65090757551057
50.54058514921336,85.62970357914375,65.69913580893551,16.203773954591323,7.117119106376352
64.39319024793583,2.5565605232620072,58.57321614507158,94.02495275145563,57.470535678441486
38.970515954706116,64.44522940645615,45.85970438310867,54.519688484775216,94.24210359503545
38.66165737959089,96.07535223759889,90.6322110207812,19.616036763696627,6.77006088337714
9.978577509034643,1.6892436049933193,9.547416126431118,68.23046248768614,7.181582037771086
32.11475031050258,84.56694456601153,2.285296662534378,81.37248063011164,28.154842730472435
11.713706593311583,69.55926833481077,62.81378820978626,87.80042233277517,73.4550185768476
80.32556464973214,28.2503759083193,17.81667812145582,74.86854411184615,80.51114065388091
99.01191100381631,41.15028614218815,37.28726216213208,77.59491119262884,34.26011525360851
93.02694082236373,85.87213745447204,42.832696716241855,75.13586647948054,75.5052474799403
10.401161906405667,90.24186259086034,50.65227194240651,82.67570971249188,31.940644917659412
89.48872211040015,38.993050129699526,1.2101911364144577,90.42599139522898,9.2037657772579
31.782728159596523,94.94444837795812,95.10968806455378,57.25903754263526,63.33029661673645
44.9054101910667,29.202924862674973,32.93200109978474,67.11980876604612,75.23782290886744
79.24563634253536,79.03274412958304,9.111975157519316,49.4076014888245,5.640095984919628
54.97114755736195,44.23349894771747,88.9768909102991,35.0458879915925,11.791368079011237
14.375615812556266,76.10341404002942,61.89390293463827,10.030632193325394,8.436382710273099
70.07578379638075,7.3206556133234795,82.23832275938764,70.57135050217035,8.133910732025145
8.470908122878498,98.55501174441483,37.39010150624558,37.00630981922033,81.16724614197148
94.64447535579488,98.57428069607167,75.34332093676905,37.50159100621542,8.470101601271837
77.77602636936086,55.83190495785088,42.30030849027566,90.61418368428374,11.092422420825038
49.1544626240269,1.0191889059380075,46.942709991887114,5.597927662275209,11.970348609862075
11.751307701119487,64.99619816934546,74.67632060540645,58.38354242234071,96.33551712043315
37.497090794732216,28.42173508544655,86.72639130615178,22.294303931074136,96.39644872015997
1.1754419291884672,97.00841346814636,4.369558890838307,89.13075165593476,52.5409981245281
99.17778830956135,7.556247992238008,55.41803444492142,96.66028687525665,52.31675653662284
63.12012737750226,69.60224852778428,45.45854608736671,62.57297179921853,58.40434301288155
89.95147885744512,4.422392395929188,27.95120132873991,95.21509241003747,89.0991820733583
45.70577355462268,61.880912919474554,27.757194827769403,18.711306608853015,46.279728535291476
35.38216712216835,58.38349151042832,7.802086700434011,97.31386825924515,98.63383362046363
69.85094201781584,53.54211664756891,30.925568059255188,81.21497256053402,68.25754566896791
16.462525922233116,91.1132020735126,82.21783257283029,95.05981481768382,72.48493980289065
61.35253508420938,41.934928705859235,93.16264178245892,86.55718877833397,4.383790718838581
2.720219544286114,37.66687424346883,81.17250198536836,98.81189530640017,15.015547372246296
59.45414954709747,38.13123260196686,97.06478543474978,84.35853390026453,83.72382254209303
46.681684034491106,41.376827730726745,27.387985355906512,5.678925532121972,86.41535635626923
81.26292370047265,99.88833763091678,99.65297428295113,55.47379781064971,77.06242239057717
94.60885682501628,85.03711794173348,24.737935138298663,45.1683334052263,12.925815385434307
95.42122033923566,60.44466554272801,22.89034826964208,67.04095089944293,61.77254111641604
35.83316835510722,11.265889962878036,67.20519103845963,52.13594314544219,77.143458071778
52.02808927301538,85.09350383431781,55.073991501648536,56.12480064658333,87.73670392230508
40.19736305098793,13.60638862551521,2.82857997201999,75.53446574813576,61.977543401438425
70.37953736141722,21.448250809211533,13.787694688095097,1.2894224592145471,35.002389446315014
59.286832749188555,39.18110265076685,43.78976033112015,90.52950810208506,34.91087179886782
51.117193338866095,78.39869767542015,39.829209049525005,62.21160978744997,86.13225281084891
94.84985099651695,14.687441198364457,92.72628462574991,49.50059294458529,25.79545996745464
45.96977241612334,97.84879934562784,49.09331389871241,32.82547002173212,63.38462923914815
24.005929295772386,7.5916588405670415,12.860523062764672,12.801809758985083,15.160885673674137
13.747753098206054,63.93832397875375,18.32394858325637,34.484406136126196,89.65478642726073
47.51515899873642,66.72881158420522,17.31973547308226,19.140098546054183,4.242400315878633
16.91620798803973,27.856349581313715,17.684566911296944,8.946757656558592,12.087210071868588
45.75814147575945,20.588568005563676,36.45918394799498,50.24490635649338,68.98909846441084
3.8924130832507626,80.10053757046863,62.849820049554495,8.208807601384079,87.2412837673299
92.01877102209319,6.1928221097860865,27.753775410196777,80.47807584433802,74.96590971779975
18.36603767968141,20.9707631418243,37.32056085053738,48.41046072559184,61.842230507579565
36.8354849231128,46.27099700295928,74.88960643923636,3.648865959142706,25.214263724013968
71.44531360294869,89.39436069280828,51.17605601422505,53.13857913235729,10.69340331365937
44.652502049235146,53.11884540783111,24.02620035712556,26.87905077047617,37.75121111696853
2.0884437346772327,32.074369603369895,21.160031049316878,32.80566070281382,12.012233012305458
89.07850315146396,59.14301244184678,67.89827249908282,78.90889600401995,49.89875811504658
8.830778178961404,53.684741028855406,58.64961638838067,74.55700046082904,43.16813278687792
12.801276765011893,28.43049867622986,36.290618080493324,64.64164813145041,57.05595317006339
35.46462767801468,98.53590294474347,60.34398404280632,23.888950000810652,10.306772738270034
15.389384260770907,24.574134143321853,16.16580503379898,18.746481060033027,28.364099524972428
17.25873620306832,89.7302909226334,7.974465442117872,52.38041501547457,41.122044380176305
98.15503059931437,11.45205044966413,39.944987142485594,96.92569726023908,86.67567323894377
81.72586050098803,25.748699474513295,17.286565539817556,66.90336901421912,92.84814914058482
55.722295226977614,57.32901433253827,27.998144608754973,76.97025028046654,18.67440179474182
32.403121087503614,42.44586483756477,50.68148560561479,24.206738631279787,11.50045083413076
61.17324763537461,28.848338817384086,58.20656679834477,15.392243266582629,48.17288014579416
53.37884157041554,5.170838788917477,33.69555454625384,13.382833859464526,6.396141124192332
98.7158790884739,32.07278966913731,81.04472454838631,25.300470031112802,68.10137824500374
76.16312387956644,59.65026523516952,47.39710945266083,41.19163026385757,34.878553113368824
92.953928884399,82.9694567416995,96.48137365259407,12.303669655276254,73.20405643456766
93.9078905023392,18.00725873786891,6.583122989565614,74.15112234370763,57.47442282177548
84.07792721318438,13.983848409946408,79.58386238146083,20.22273421356744,16.53405988691132
16.451585998427028,81.33338646894337,66.41326857144736,52.432160543034485,36.044142331824304
87.71656710753402,39.28274859394971,81.66924955040928,43.883680815009896,37.54533727082635
46.31570589608373,30.315982467633578,74.77795963557324,50.24184382519245,23.17810178669795
90.00714938850207,38.50423270760195,54.40855347712832,90.46024440257085,62.59803705296494
11.77313056587753,93.96520160129644,62.71777378099792,33.44588716134374,14.013471878891103
79.20497197798515,62.05864631499301,53.374163857853894,89.41591709618886,78.74344239729182
14.997081970797545,31.396645471046874,24.862207316873956,74.5882248512577,3.443577899486413
57.00020990209476,76.26905842810265,87.78459713989871,34.3274540833347,82.1733296834907
11.172450898661019,84.75926268119736,12.781831056863966,39.66834956147049,79.77924909082091
14.91691352565876,22.887099590997053,72.26501157814754,71.99573114724707,64.24631643349248
69.32880239606853,54.05963092108626,25.310909440654964,34.574350933185194,18.16927808088652
90.76621470393418,58.15081598544546,40.00325816765347,46.2575811372913,94.70821818616567
15.30188444881792,58.45305203669396,50.769996059590596,61.139493973884406,2.045210556912119
87.24906830965108,93.36693572074101,56.44153932830254,69.51364474860276,92.23128839811021
70.77986446748723,15.320765378165236,57.66828847970204,60.900681809861666,42.452250202726546
73.6134153051914,93.41334670145247,92.47631896807516,45.11325454709285,11.431961114505953
98.6250180595362,83.86012604387933,12.460982488119237,92.02002899925444,87.0864679428193
51.760347757652475,59.05534368724111,39.48449699927311,5.358240242825149,33.46061785988328
80.23426744170288,0.33371415393562753,33.236931875144165,39.94302633974759,53.6615676307442
91.80463506097581,34.530314999009114,34.5923645801198,73.74308998392267,45.25775572428417
22.325124166455357,45.27398183987046,14.225675952556163,17.740301205810034,49.89469955545572
41.933317198134205,91.45290242474047,36.381277438311734,58.10175899496441,63.14599092045945
1.2943689793385678,66.28616720525325,17.78970993623659,96.2285784725412,14.848644478300267
41.38295279802453,8.639034798696503,99.81507800293986,50.14096551793588,59.6864960040393
6.803898259488676,74.94085550509688,21.11244869393785,89.68223936327063,20.465793259329896
18.959277766663746,3.5573033780801486,47.29180349953928,56.4826486498486,6.459756289676937
77.49380120925052,45.26241977163526,52.46411215405738,44.30358654431398,40.096879911981645
55.99122632596754,15.678140407996855,18.138527784817505,86.31185001669436,94.56909601899484
37.29491141535208,27.041497685776086,64.38925277391138,40.855923691311986,2.5744611232090873
15.572831194587712,71.60726834237096,65.73122892830155,2.787840887501713,22.31041877303005
23.129636572831743,67.26405989707045,1.8873105556467673,10.562616452671959,80.01062801614225
17.693953150407474,65.39614960103027,23.890051495171804,10.1313024700139,24.48360635532447
72.36087476762562,85.61704478800992,83.0932892301183,39.6104889484805,66.78081338681073
20.796852936078118,29.14200618118716,89.66460599728919,1.2962478032054083,8.636187627550333
20.808487158287537,2.774677470664038,18.145058117197454,58.381582616364916,42.17902341466271
89.23800977270048,81.700952794928,34.309521269590114,26.004838015347786,38.06886104071741
59.15497374238621,26.754585397108425,62.387808123773894,40.90708482931156,55.30783097978804
43.621740302834375,29.46490199328574,94.7398561496404,76.44298303885392,14.09703227347834
86.90289860754943,48.75940108315783,89.55954728397869,79.98062470645762,42.6633095453004
2.3184188754696025,26.74151360448218,54.1500664060372,63.3803152964875,25.71910498695794
14.0435634362538,83.29541574480064,98.52059734217706,52.63805323527106,16.969179132468934
27.24108310926142,1.79557030830509,91.57163363702044,11.691359018810093,57.73156495006492
27.505354127916277,55.37854091628859,65.27181294925944,82.93262805776206,20.775381198512257
1.3600189087996084,13.781587008752682,90.06308117003806,87.3416963576579,59.92701556405077
60.14050961554893,66.45762404037775,17.687039371924698,91.45218307761503,41.94473713272922
38.27281250859689,51.79791184358333,4.607937095197966,16.590198389270036,73.85467951561232
8.25005774719307,60.23608149146499,24.439799806797577,39.05620954043118,28.857123723967693
35.37150683349376,71.9038160890252,29.67063282354861,56.660910464879365,47.548317765699025
66.49580411892285,93.667634783774,73.23616985453982,21.46243342446397,3.1656823813234407
26.265897705007934,59.46870880510481,5.1449668951600716,49.61132333920422,59.76925570229356
33.29551028855787,77.05715965872191,10.640270457314156,7.653246399978728,72.93641001816194
49.5883470089799,68.74079826905728,43.48845801336071,24.82816805139977,81.89536230510328
79.95444971576799,69.48828815993525,27.12953661975691,58.94216915410542,36.016389433258496
9.128380075843971,91.7755777731337,13.698856691033285,95.07447326014542,44.816618371904156
18.772778704950245,54.19947865672643,87.38690248433082,73.28839913397914,80.7638088573838
65.98250591117058,69.17483527772484,85.11769766119455,25.119910709665096,49.039154006220286
22.189510770719544,98.80664080925081,94.42645722469673,4.021446265549924,70.58289260701743
92.56262930997984,18.059894073716965,56.781172723771014,91.7404033251685,3.41566384358279
69.71355898302882,29.76398531151801,92.33134464117688,97.21246694236423,94.44044527344725
47.40125023087321,86.1738490659986,84.30965429259867,32.10517276774682,82.92401783036031
3.8944656028787596,59.61447959074225,23.059850169385644,12.143601372456608,7.757726325966967
69.5971436132469,33.8237980483943,72.71576499195437,6.475922322654739,31.796089125870274
53.90211004207739,79.22350965931638,31.947080864564228,62.66554272186382,88.54826544349532
61.55897871102722,23.270026844223597,2.467555042318283,87.00141385036794,2.086269427068598
87.38861461304965,52.82201459777526,93.9601441183564,79.80813793141313,99.68350662464037
35.085282558826684,76.50063160910845,40.19245160232814,47.995445806357694,62.80683607015551
87.40182161396221,98.28055550011022,76.80871935624903,41.8419561716418,42.177504259950815
73.68004311683443,23.919304924256675,11.138900238319911,35.36458586045661,28.52787579154692
29.808218384239726,23.392308596398767,4.163589780747069,1.7382379438453188,98.78691802735553
42.88141521463839,38.28168590228102,67.92463381332462,21.990785528501874,95.07858029060455
78.70843221361068,8.98186988236384,41.78912570614609,87.8650132458343,94.41738057738462
46.82076436974301,61.28717816468205,16.731777867387006,99.13203616283016,23.38635889659276
94.2571351838789,65.08151123046206,60.844409998452306,51.257126812909625,22.942582438199814
17.647506844739862,22.138544549692256,18.521344456402534,78.04201830682887,35.14681460371513
5.7938683633308266,97.0016326842235,88.39261394463517,92.83236646361394,99.64014029321905
17.234127326924273,39.547680000985494,75.94891571420146,69.74557386450961,15.248798040248658
81.73954285884251,22.186843242042062,22.444320434131818,53.71932171787486,59.22068221994768
57.94146617141705,9.085215368991229,87.72567102096767,26.75860779632977,13.033802492027805
89.01824839990465,95.53294210748687,86.23578761895078,80.84444800877613,65.4963535918263
55.03048710320748,8.747539913557835,40.77463586809262,37.185165208034654,26.015013467957136
72.33665967217131,49.51752010202007,8.019957177652678,21.948233217430335,68.40733781864945
7.654838763266279,85.04517369235923,49.44311361930364,47.94392440246109,59.20145263938733
82.48039201778981,34.69302665611799,68.02034661191504,56.63557464308381,26.69960946262193
87.87150589801409,79.6034617029378,65.72528069000542,85.19046212086617,86.89292997891265
70.61475852852146,83.74837125257652,69.88531001719961,67.97990296602423,62.013072174588316
75.34839871272015,15.90560154925453,88.0626101168225,87.19356376679143,2.8799869037553094
82.61132077279387,12.912267140722395,33.468456661703705,74.15612219275374,16.056490795194787
81.6949150862543,83.10133056896592,50.677773561824274,0.7212754094740416,28.59270019399091
61.603950615960784,98.18929518260252,63.10478803265161,25.867638105968286,63.481453952916496
53.98559141946988,77.99107350788574,10.675677103598725,76.14512111126736,54.19520516375943
96.28690172845816,34.03740196259445,63.29193745134818,93.1688099263114,10.336701276771771
93.63328763653254,68.75713276454725,6.635519225438876,30.17467224872244,70.93974384373749
6.6862603712987045,58.19763783626364,34.507337780772325,62.02022634708024,4.643559451964523
87.10326545191741,97.39641191152637,96.88626252453469,75.04023940621171,12.969384176596671
75.9348505510205,2.646236713560749,2.0423201707642993,32.35180498192304,48.85504082675627
76.96917048607969,68.37028843606522,44.70233036081673,27.165264701341773,99.50748159226727
42.783873079505206,45.11474212421269,16.371327833906147,79.37410779945954,69.372655754187
22.213848822830084,8.287746996689114,68.06920464403848,65.27412163381747,27.400221944267585
95.08731491351868,15.044989523070855,43.29773095486244,94.27680643007213,42.028809020113314
63.97428335379178,39.774861242086246,27.379120775425477,98.34054964883732,40.971669165878076
89.36671751198918,23.232109579392677,21.168958775644672,3.100432075092646,65.19393967553236
36.86798610388781,86.37974964466407,47.44421692341044,96.88602808153647,18.626530261613816
86.79552422192326,77.6194115356232,77.1410094163591,84.36827227100795,76.16895569447354
62.61193711362712,13.230947329590636,3.2098559926923906,92.26620252060141,61.706081757390656
79.70577229660528,48.08297802032582,11.75615292719195,12.463655907050262,68.40249371971524
43.01102408210309,20.16875440204493,49.15304264428199,6.391479227799766,58.166398460723265
27.123498738298153,79.8167522813358,30.877195298182407,45.46770034642098,1.1219722666299945
7.172568072703084,39.255791305612476,47.93649405218943,59.950779454133915,29.181609743292896
69.34411639388365,85.7971326039885,78.10938107910822,4.045605404930036,48.087583954609045
10.523484677282562,24.185576329447148,98.9678559487395,14.268849737054063,50.14962498992516
62.02185416395089,70.29266210841637,55.943869461175765,0.9786858863422326,32.60604811356548
51.817264530720934,8.854029395939596,34.940274219825525,3.581757510753153,7.779751462990814
39.42369561152121,13.263395626597964,56.63924075497069,68.9411541045471,80.06576242454638
20.059552572632857,16.84884372048862,10.356036560317914,63.60669136135701,70.71542732237977
3.0928731572775723,93.43348502822258,5.259067726076448,54.0731081980655,70.84287069981309
87.10891896942985,71.40910704161216,80.27253026840415,33.820113740193484,81.7087267185103
7.870070540950719,89.44289069154225,54.672385246124804,81.73533102059771,45.23370586435688
64.37440622912841,52.66639910211038,73.28959186963897,8.178662363923946,6.174044428181448
24.535283685681726,15.736034050994128,87.19106021074161,21.95409834756342,97.53313972870882
33.68856542984518,18.319324479992435,79.03688537197856,65.83778110586705,49.8393586032865
55.612243483277354,71.79722304772021,22.764975745509478,99.72572703397192,97.30634968112624
64.92353391495472,19.832908447925274,68.11460802247517,7.111357314347904,3.144439503797257
25.73295695847481,46.44016622233104,86.84008316956685,72.82360114774232,74.31668802278645
42.50425027520124,34.592244755355956,37.10471413181115,98.71877138113774,4.099709924149763
86.95421026840825,57.879126168594816,43.93320303930479,72.5786463905868,48.405888706050035
87.39148057431797,90.11433860866335,42.047234084647776,27.503928797685003,59.27774772897477
91.40086319600121,21.029285747649357,62.26349183442304,63.38685296669545,73.40090112957785
13.035341913992779,71.51119603459601,91.12117987760809,17.90200769711071,23.70100909443107
97.2065730727041,18.071343258829963,85.48285190244971,49.25657330088088,24.708593307704618
87.19592488704399,44.40299761360237,51.4934850980813,35.865313338155374,59.45928252002369
16.334941829853083,39.30041363406067,96.89905717046037,25.824257631825834,65.78247693440925
32.423449792852594,77.49822246846043,13.089977772386277,97.02326059063334,45.43355619016207
23.597440844739282,7.268694921459577,16.985213663492104,51.77626453458644,33.56924962870806
82.8743263174049,43.243487576651034,25.023134854511202,61.81244528381567,70.52381588092963
16.734267072122435,16.675861101071757,3.6604216836657484,73.73565183539924,66.44624098756653
47.591405593764655,84.27612268387423,80.46473271426052,58.686079915076,86.9793065809824
20.582502684558435,11.189625179491866,27.092242196045202,5.761898750327679,53.17758640786997
93.5680877012154,4.049290170002855,12.191025324427992,45.08066729185384,93.30936726632227
31.555902463841967,50.87128238298412,4.087622710720464,14.872789037919121,98.45198689668945
96.60555006743911,0.4148395259957216,95.22026070467881,63.95103696058455,86.85512824496718
45.507216192332194,51.7510557964253,48.90553171172204,66.91127873890423,14.028898756862691
3.024830307420488,30.882145187728728,70.48774850804926,20.230261082130085,67.37797265876873
97.0159559532479,9.601923678810621,67.48744912622433,44.40772511644796,86.94017133451744
17.835073845928765,69.37187051625133,83.86603411727303,94.52776185809329,68.381923933142
49.645621066540606,61.778192685039556,86.77081873083667,57.11861889426467,3.081823212450385
93.16480178132856,68.87519612657543,67.74778740092678,21.614646615969416,66.11184274094121
39.46704555395154,65.06352062891018,10.524277231261008,65.80634617425376,99.83845038764564
4.74775229153164,97.62082283998332,40.63268334429547,87.2209654620141,78.14181419443116
56.659157413921996,73.70186495258729,87.68091547925698,40.38609021375492,32.724064595416124
66.64430311995973,80.63265072894747,76.04138023694767,79.79590874466503,43.651825463838165
81.64059239505708,11.956129999026665,54.55713718077636,0.5545110970264687,32.44854433122036
36.684184030344056,39.57295235275957,69.46895033064969,38.886544004641124,44.7312367912981
23.593191626546318,37.255974826146726,22.798168406731136,7.435838944918572,60.29736866967542
66.90430896262585,62.08720496057104,46.35317966814736,38.042220450996,86.52002112276853
51.837699602982454,47.894025039297325,2.724257614663484,34.03075996976857,38.03511387249168
39.819449674164275,58.15360745489263,53.24177482649191,60.783794891613894,76.3836299693246
81.15191810006004,71.62249730606437,95.53590272952879,1.8716233695090507,19.579630618249706
0.7797483287509359,64.70403111661037,89.90149275900094,24.421009545896407,92.71600711647305
6.047282590975783,93.39702496510998,35.35681143409723,10.222903790676895,48.57689500615195
25.66039419969087,28.448319758211387,30.69912942317184,80.32722969617974,53.745460570942484
31.105859183691212,61.02026881367459,71.61423628609406,27.279861297106798,41.35809826298182
12.229119291461648,18.101438197920533,68.21058573661104,18.209617885087074,52.740932167597876
70.97480017636983,10.613175789557992,56.715543522251885,25.60554762693436,96.29348405865466
48.464350988574026,80.56686988372898,54.96580280385502,4.392882019725193,63.23361143225732
95.05290160993691,60.19937946970971,81.73973081437015,88.37237414310287,22.89356087709594
21.021123904631338,60.922013143966325,40.959448302150626,83.71301314333823,90.1919789362159
35.35418635662312,23.620010340148173,77.92353603853526,27.700724961520407,82.32693374599249
42.36098671138891,66.87694184642491,9.59240738602917,62.3357345097035,45.11612663959361
58.60180640466915,16.69981847856263,73.79853203860866,86.22790962382284,21.809298476695638
9.488586929661684,2.3039566109863774,64.15190860054841,60.61949596882555,54.61109851156244
23.249767191926036,39.210798885250654,59.477540099587095,49.557617650085085,98.71860173953232
13.586113232241074,69.68450598263884,40.53043234013533,42.941382566372624,71.68888144612173
69.11626984467343,99.18293710129231,12.793407705125686,10.440123518240517,72.4751285318886
57.79918045660041,27.51647774158065,7.795896942971713,8.57676460679155,89.48693648168306
19.356959109169402,32.35063765174225,22.791383100431375,35.61880659530843,7.176064426459634
51.93835256016662,6.966464311055191,80.1166572948617,23.217794424718445,54.00406498811966
87.9162536001655,65.24076257433232,53.31263640361646,32.30141983345106,33.38846843649921
67.0808504903347,99.37361875558234,66.13921497629164,55.79850853444807,72.883983072208
46.59153318542598,6.183365426316854,56.16461223343967,95.9468343673492,17.6297767034674
68.99278679587434,20.156852443237806,53.74253730617362,9.681826779209482,45.07635075982691
75.56278518226513,34.74516478103338,66.5612524580419,79.52696096879907,92.66743817167084
23.579306838385733,39.979841925565864,15.193590023454846,99.42363051334696,92.91145845600683
54.097173049584065,84.08386377333767,52.13650124838004,62.417430844215126,8.753946915431136
75.64624904008312,12.79226435577703,82.71902047248736,78.17225526211885,70.92289184289513
3.6692290398482896,30.331694370888854,26.36039532090721,35.999929954847396,8.645970833720503
93.49161357924656,55.31848915480769,30.63151242412345,39.59426739838487,44.826334570972115
60.198551918679996,51.615214608613094,91.92260172540882,49.7988191156717,99.33150329691884
85.1199850704374,20.859532702650018,92.97817184931706,11.665259852208441,81.5382751152907
38.033075724133354,87.7121094363683,86.79686070181162,80.51301951736681,78.81173583001225
30.40252485859892,8.044361028819607,40.404540847986645,17.288344169788218,69.41035642262771
34.4907834210875,97.67527502412196,64.07490608504854,82.27528911688904,13.09808870134346
86.02596400772504,92.18553147866051,48.86851424736498,60.516153020693224,76.41836839635289
17.485153981864137,50.19409189379897,39.91414916726376,14.554291401326862,36.6433410565525
7.089013576276273,2.48751464325654,13.596145115416137,96.21728740150266,54.798858886185805
96.57319021924374,43.115697356070626,31.14229877137613,50.53460173127141,44.0763539853358
10.412274542271437,64.15022009326178,21.63232886185981,61.93588706136043,64.94429368961771
15.219712997959023,6.157491383029326,78.11553339268907,45.95312894219638,5.701877258211642
99.57447813925019,5.777711834244063,69.44223469962336,98.26773268215283,24.01025716376689
14.363372682884396,12.196027806352433,30.391759661846162,10.221819492974408,69.17994834007303
6.442589915729495,50.836255875695024,99.64534896291131,81.31987120496005,61.52830264824709
30.798453313722696,62.36574311484929,52.746304863490714,42.31752410113566,13.11380673046382
88.76026864419055,44.99075902489099,19.35562122780165,36.65588858733839,41.357521440567304
82.63290567728397,73.51903763127952,76.97723941603081,1.2475946398165805,41.58648970314071
48.057963900637,1.8489348253671638,25.935100503169366,75.97954760765614,13.833149748621617
53.62237777203078,21.547274960976974,1.04610374630003,24.14965131297307,97.55629583605055
80.29433469869318,96.0472076266761,48.799620672766764,10.763850431222675,54.78233934268268
45.37240298731305,84.47624237035942,9.69404586318294,48.85034795009347,14.783050201525526
32.32903107990722,73.64772224231741,47.54719465629763,37.627720100453786,39.282122675984155
45.880559257487434,78.44008044745928,89.277268779282,95.51429615801287,78.59360097775489
31.432806586644393,68.75819278341373,43.595470719831155,25.629649720090583,84.08672209949825
3.7512800878367933,90.07075273115639,46.02701466660535,63.757265496242795,65.7700545110381
89.49397500614498,63.72433069543917,61.33476264953979,6.5640169493454374,51.924572031774055
14.903706678419475,73.71560803019084,51.233714108556164,67.96236495270992,4.047451580894531
8.423350635536272,71.66637137809438,7.135578497286404,7.171169004530722,1.1853247185906741
95.58963396857602,73.67829397241104,35.348347424918344,29.766252796743768,34.982507458643575
77.36887746661652,66.24637828122137,18.431033325066522,17.58382552731847,9.823479424650415
65.94243021122108,76.49314153447963,26.473499386854932,2.1387814438846666,8.226367051546577
96.6480859270931,29.53747037670452,76.9724556259786,62.47760824009317,38.319547999928524
20.59991402810073,12.114451236800528,61.52232222441921,77.41413390668318,64.42647484984545
53.066125256213,4.0712461839845435,96.92613742531692,80.09476607069634,29.336803571808844
97.79402875262048,60.145480478783234,58.11432506097635,74.77813821902213,81.2455733331253
65.57603279101501,12.998044985165675,33.53867824968909,92.78355337225055,22.499487805556374
37.09475828848976,43.0989050813357,44.01612775716352,61.48679810737577,94.5121870264174
24.034612816616843,12.28527084029258,19.74017107893288,88.78415983160745,64.56001665917557
28.477210472913068,81.75487657893966,86.32325119003661,84.60935486264601,91.98631618497755
25.20960127796181,75.72228385449678,45.904658782504505,84.18202656636906,72.70434201622272
77.48607604080303,65.60459452177304,17.69783397943507,54.401560795329715,98.55069320629347
93.86868153475251,4.368660437996091,16.293805374584434,13.20682699519122,72.63096366129342
81.6943083888513,21.38572221422108,50.53457266966835,83.98826908920407,73.16188262752455
54.3071547256818,59.16411202211239,50.82192244569531,29.85331699489544,56.65484683202146
68.9016608872761,87.32455060216537,63.67609834980518,76.02837863056502,16.061852007011954
46.170856993392746,0.8024923645939128,24.538387310383925,72.54764127564464,99.2322598136725
9.884075352409859,40.14692830376479,80.14372878453648,20.447845010263066,55.44424380928548
73.20841995335236,61.629055601359,18.705366553267286,35.66375965270427,78.40375579101908
55.435568729085574,0.4274650945238575,76.16101308708966,3.643980013822574,74.55975117198075
20.340878645870575,95.7668644371466,36.787847130201655,32.90176494560616,14.851657014673224
30.614390047423615,87.6261666572943,99.66147774982399,36.90056583933199,44.77098018917193
72.13657515844271,88.67634472827817,59.32059622928967,39.26981730616702,41.289176003425
69.7478315868112,0.3915082027062221,62.14679884621273,35.71825317758031,79.35553285254262
9.447103413290733,58.91425366698568,48.1843199583618,64.3510536018913,6.454441453193531
58.03122493217131,56.10640409508215,56.296993941631634,60.27348172231046,67.51894984454199
80.41714642275451,26.97657204298504,82.49876064162433,49.91458357103346,7.708927375709381
5.805613502264627,33.47212558259873,78.60618110919965,70.78880655392753,78.94836189527712
51.73524378520378,43.993917336992205,14.815087511584593,32.84213848895975,43.50237859547459
9.014264760887643,22.049862672307327,59.88721962772315,73.67311292862009,99.87578121026029
93.36234663736079,64.27085919839628,42.15034765938444,63.66992324239155,78.50438321587725
11.66378022899113,40.98171764471475,83.96331307707841,38.54530590834296,57.21684469176803
58.83313846772432,18.40646934224654,36.16395690388497,33.36766484421384,2.493649744777039
2.4918193346719186,83.20036744381694,27.454807107897935,51.86284834927042,29.896844941484645
93.86978725926943,26.120506868317076,42.96959769132652,87.06464378701945,84.21593519772553
18.529051731222307,80.17967110998161,45.845338991305006,48.23813994003073,13.450666117926135
8.04860507050857,72.83392086783381,49.70277410609155,43.710253738528515,72.97225517666934
76.56545320189474,16.040167095692166,61.106904402933736,13.46632635068021,75.02635832180621
65.61611435042448,95.70424356435767,6.785362922002331,5.640192436940506,28.084405542420207
26.263726614913423,24.764163099868927,90.71332432887748,24.90714059470662,27.01909544473446
75.85634081779128,44.83925869187737,77.53527753156163,6.650309893217132,48.73243183738636
3.390294558690408,6.375637792817248,90.54179204286066,13.98596158158228,53.09681421520842
41.134809332195026,34.84109582831772,89.86940267409153,2.265195079773453,66.40145376589336
96.29401021521099,55.896770891530004,93.7064267693329,5.27517194410746,41.84758860015633
25.917678999874287,73.15834288358847,98.24816375998896,25.748371122307937,65.5763667761653
19.744607963202412,56.39150550155823,46.43430941553061,97.16023708960459,60.95149205041276
34.846939386813034,11.313194301083309,15.131489295305569,22.549192346656618,25.164146880009373
85.05176947860663,55.93056395283807,52.684276984945896,11.480239554311725,86.3028221488524
72.26883579539246,6.661551653545358,70.75177674476137,54.463872527989764,8.234460516462633
45.860825265043125,48.463496613480025,16.590388209014844,94.55491838522157,85.11722040950468
66.99382918186703,46.135317887192,41.028812792448214,64.97473805420259,54.507559417593015
6.249425471204661,51.24477729518563,80.70337879975727,45.92253458762641,5.355228555217204
78.6786995014588,20.138174067194676,25.71100295416984,16.505664447733242,33.07142070718683
75.6037862014248,51.82296283830804,20.597600417336153,87.68615157597804,87.97474230340964
87.06083492978611,23.924278557881586,45.02781048059782,98.48691230370451,77.10450423727856
2.7241544788046843,6.57086623937751,46.48267916744094,91.07150126544497,53.843822000768895
49.75312588903629,10.674633581837485,65.73552070642637,82.3340272435712,38.23725256014584
77.4768237817321,96.5285951089768,20.316725116096666,52.48931017269072,28.595018632592634
79.3772071349135,57.70397521924337,63.513684134518066,79.9182274476123,39.532647150518756
91.36217129965021,53.276988213389615,15.75674082134528,69.4614656602548,79.12518555505663
31.797833883122372,85.8670873358742,90.55413597703247,27.661187556703673,98.43292469087577
14.153502536711178,20.37947897598639,18.48464578838933,89.29643506439048,65.50836292801775
15.140647301649608,44.0257810699906,61.641055888481496,8.255868601036054,88.23431630638828
80.23777599438783,50.42180974261278,96.6579751883331,41.93911951726168,98.41436894890876
67.0564081880119,63.562617273868234,16.69369727763589,88.0833841252287,42.733619534048536
16.109040424223256,1.2297698327433555,55.929866920051076,52.735771601371816,72.01791512029585
88.99961273836675,8.025011846961524,73.00305814176886,18.786020810296858,85.77413361832542
81.9316998543065,54.16566826247757,70.88012771005566,31.581920345633048,47.09742502612325
82.34988253730461,45.9336209412144,35.91191532570343,49.42722011032475,82.85164810344303
33.53242706041453,17.354206604479323,71.17566735726906,82.62037763452399,10.118582205632135
24.010768036555266,14.24911670015798,34.642328312901974,45.12549653505708,74.80837581398008
64.95001681395145,62.27760917842804,35.37851452010272,84.14370697765803,47.23567973336937
97.8773711333941,63.36727330019025,12.567041792146362,67.55378212414249,32.48449363862226
68.56132467314188,6.679262130097586,17.469801005532304,85.47680562532953,22.747682715532605
83.6801301095198,27.99109014156686,64.28949632180642,69.2884147878423,51.13886177667062
30.406968165995377,21.17805679094806,3.2486646763722415,30.486574226974298,65.33490734881468
93.64437829903194,87.03289168042086,76.60281335299607,78.74430679238667,66.5065929263041
25.944784207652425,90.70608715614772,67.01632892129994,56.05528179517361,11.24302461499352
44.79484999652983,45.92770646758774,86.70748459428172,54.782900514956005,37.971463998927696
97.5934016218202,11.106108481902938,42.32528435144226,4.37918267479378,74.04125753006879
91.74128036141649,27.952997009859477,85.89682902643308,29.087777592910378,91.22648125421003
75.34172743636988,80.58662914370642,1.9205981884029546,96.58652662660555,72.63657111262317
30.4473200014563,82.906505034076,28.16949262060431,87.2109269828065,11.37923123151123
70.46941394284053,54.044148299676664,9.582378954089847,24.14576400671937,1.1934930469318887
46.92617556212599,30.145833995333657,59.91793841115858,29.872515818049372,30.021776817329176
74.37862558384947,5.059913749729569,90.34656717388863,85.1774200787205,66.77363590371485
59.155574371014836,89.28479626420767,18.478066977771977,7.807838778299404,23.86450865324526
79.57217347106192,3.441142228900559,58.35711586105002,99.58232565195254,85.58964443007514
52.10624503136855,6.413665034160622,83.09476130220759,59.91349667380832,11.603923850415189
9.517429864279723,90.9190782763296,66.9572447629029,82.98710725959866,87.92163318248278
57.25359153282545,51.822100498933544,43.226505335509074,31.91028600402426,43.44311323635211
77.55399549520864,60.23625257520763,89.23458011162766,44.39871041442157,60.68565755902133
63.12648737734666,59.06006238471917,70.27141977087545,23.836614605783147,51.3084337128
10.458849695294354,38.6248074813426,48.98011791308457,65.27225298688049,95.2128768148384
60.10002456316911,74.36819073109665,50.72269074489123,63.40335309145218,6.857257179778639
25.41328397741033,36.034746207574855,47.210545833733654,4.5103552754379,13.948488302767545
27.5762721386478,97.03338329175403,33.07000162153248,48.16700621405616,19.579960796116143
61.103898746560844,28.13895859078683,20.598278113606987,51.569796923337734,0.7170527633733965
0.8421374140436826,21.82931972200066,3.5467940215739224,10.752726661995952,33.86074859833195
80.32675424693488,56.974666948189835,51.17031003209374,29.528877883925606,93.1769949182384
39.707738325733956,8.652833719259144,61.78551941376096,11.20346532237419,34.479817065505166
50.53307576837377,87.42027133168583,49.31005244048345,70.06288910792598,99.3827381172285
13.217920006223792,27.57612963425464,39.30694107165056,42.0824508366176,41.222315492462464
90.84215113347331,71.5436188096404,60.76652676900619,30.926337352248048,82.44065103302489
95.3709386444468,82.13940903891506,0.41001549231569007,63.60435318942627,4.953194650928828
25.80183186285887,5.862354040681027,60.368846932431865,68.76774821946414,11.504574842558462
38.335036294872864,45.707500118255155,36.738509158309505,12.122210756632125,41.85637927332013
74.88183529021859,6.979695208272556,8.016539979296411,35.551799977542565,94.17474830229165
66.82765782898576,67.9479740650775,36.21942343702976,59.46580658221007,1.0705614127325227
63.53840209502258,91.39578556162718,61.35344149724042,87.50987684341234,72.34459172965502
12.019529027580255,90.33336986690335,6.728539883029085,53.345715315437886,14.146469542607626
1.127358301325404,42.21135175805807,29.415289628579924,48.64202252744128,57.54730833127208
4.29073839489975,12.318731400934075,55.77230330569186,34.27489825139015,72.90461876525686
65.44126874773367,84.42982599283305,69.27285086269085,42.89062430534776,67.19042849742108
27.4506135602617,30.615696860158227,79.04189614256845,44.75943524631199,79.7922160959459
82.21558962688047,85.81536723413814,91.66928929897963,43.034857225913676,31.952823463825137
58.381971667922656,37.22308503976597,60.24307471822739,70.54464852373358,68.73223836074652
37.25526128757927,16.478823072262514,43.0325989529398,14.310097030613889,89.09401172648141
34.61205550633226,15.373813589293908,2.610225954879907,64.46242330146545,63.57985709638428
34.12171042987819,7.047870906940428,40.88636229835485,31.023980874474532,67.72897755817729
60.63674549650889,36.520768401037955,21.731224066457962,98.78681220250375,45.47366907178352
68.77438605560762,13.964005369405694,48.494812613468014,2.6928856144107907,50.54858152935872
96.39905330774643,38.403929742227106,3.8195915471524984,3.0023530784370323,38.863595448747716
16.036808619244486,2.2917279994493653,75.61567303142263,45.97351449826566,28.917284943445356
90.00769305752874,11.766635677737638,95.69891733546676,31.33258889481401,88.94740653969876
60.277294096568305,82.5656759010224,98.53173306279722,28.769593166396902,96.06255251885048
38.910056711585426,38.75488917475478,33.94351409184411,54.080497197305576,15.380274563181048
55.423869679721776,54.163531661165024,76.12344991149341,83.4273754637644,44.17978499364205
30.07100974621381,25.865336497703627,19.513577368934257,5.64147520663668,34.229308573601365
27.151842488397726,96.70400406465728,55.82298320414785,34.80243784617819,58.07925262000281
13.885946533636282,44.50086159150752,62.57584890102919,48.87363181595652,40.01229019674222
99.33706244844733,88.03933887141237,62.343237431517665,57.030119327705094,62.022260642618086
20.091455045496467,39.45965791164774,3.9700893669122075,47.70923408380237,54.071420665457424
22.72620638020559,96.36778640736523,90.73229957516675,72.20191682836847,53.30333161768596
86.95302936969084,12.954898764880792,79.04224147496625,12.365436720822148,79.3368608556014
27.556812636717957,87.81121796537721,94.44524263158428,14.940983203005834,46.46372051253904
98.14278657470015,48.23606117039135,86.29847729188296,58.78744243049267,37.51941819664
28.537216187115764,20.228045459342365,76.27222169708955,38.753605650051114,51.14548817787354
49.13235317856363,57.740059092282735,86.49653399076087,98.20251278809211,40.638853305636964
82.81765298550216,76.51642862619772,57.44253981139759,95.62434386632546,20.014441264225052
11.165732391221574,85.30849068953076,43.986792448374366,84.69872862946599,89.34330990289465
6.279513416803319,88.23822733102168,44.69767825324223,50.91552939353301,62.61464859562067
92.66308254052002,1.8428735774685294,47.54070825572858,68.8640594666743,72.11683187872171
69.3012192274419,13.368372933761924,30.06131615934595,35.81899205417068,80.26766405802654
27.872030338523174,20.986459528622504,95.82588633823549,0.9193022561695021,99.71917724788909
67.58186035533765,82.73717301751758,29.4033488253855,1.5679008130971033,73.77257670859048
83.5091626773382,73.89952563986053,14.09293075918319,75.24824973406025,76.95798685836922
65.82516434981788,76.70056116165563,84.71852498395246,61.26468882820027,8.943904377607362
48.90158470618988,7.868285338058743,40.59490888797835,40.52515563788934,6.556121791289749
34.840975838010664,11.184096334225849,80.72675680448243,94.81037683508389,7.1233272952044375
95.54602700228882,52.21195041905779,29.992418166675066,7.649824905537814,49.84168547163428
79.50245147485768,70.82565150318182,4.939017327251283,7.371136518002707,40.22599236297544
29.394058834642543,23.177301414035135,28.08206857742703,80.21623237089938,93.05776859297234
40.357186314766295,90.5569576757807,32.05734464670961,47.77907868886035,22.452162461340176
64.13012197556883,97.91782665762756,60.22453626228198,35.74625123996402,64.76348776635898
12.35056304112368,88.80141171749008,50.37153935494196,44.93985166540856,58.63160008415948
62.3902640942823,7.153468074053404,68.27274518926546,24.20133271097303,71.39130767190228
82.46270936291633,80.45328020498076,55.322841840928554,52.0416788705635,14.340922305171059
77.55447555908303,27.322715515127918,49.663534315031264,28.510543545906057,13.591367698213528
63.02107467703728,5.404753471162801,74.7911211595346,31.709123692663635,0.05264027788496828
51.29133934969166,4.745553318478184,27.578300586089068,70.66715622685123,6.2540176024885685
83.79978626126868,0.33621988510224443,24.632231520002396,74.36821683861473,31.71970241146362
10.081930133925097,35.866471299304294,26.908727382517544,84.41255299652069,31.199887773327042
79.05422075390527,89.21118782438977,43.357144054489666,90.87985169964593,37.858189433003226
96.4624633736669,9.018962785949787,68.67467466390377,49.44806867287125,38.91304242675401
63.330714899549264,70.28013862180872,0.48831960897478716,16.770788384208355,71.47229101765127
66.69703995699216,96.71490209237867,76.16540855924445,94.94177372184531,70.3369886138225
29.817217808690458,10.73618881212835,78.03845914873735,64.30170752597624,4.891140994547678
36.15620758700755,95.66795502383965,50.028615946204944,43.29362846093913,45.72154611562661
20.987026142808748,36.82245558060734,37.05135893239899,5.1031761907765665,76.92861622053483
41.43840673683842,82.11166314494281,85.26014433770716,21.209507532755563,65.66936785535809
47.1004698992926,87.97206738447801,21.603044340077382,67.82999002746874,60.80743861881868
29.35152337096575,13.673983550973018,65.1978741177856,73.89460902979927,31.56568072195103
64.36036244033284,39.42093694666157,71.44199790043233,19.843958346700102,88.94929768041925
28.71133368206462,36.656935589113615,5.872575822032586,11.024375546911214,51.69459083130821
26.624787962228652,83.52006453457967,1.5037167726660852,37.988461664835604,33.712053960894174
1.8624897545144772,12.578744382275428,41.382414249476575,49.26939321137625,40.24711066888455
53.11292492532628,59.512669143526516,0.856793963079601,46.331403143440255,96.35925956359395
51.94996758596471,67.6523868972371,31.085502216937023,77.41070324133207,77.2080263992824
52.10953615077703,97.77891416723944,12.55075549213184,1.7970414838327338,76.89127094895211
80.63876887703003,11.941816919711322,26.447889635297315,1.5783949629822813,29.350167776559875
77.35287611444484,51.70148500930861,34.735043137404,37.181726414375845,0.13744337166448858
30.083361729008185,64.75924495586322,97.3526130876244,84.69931787343482,2.259414088453797
90.00628449086776,78.34647213351215,78.13698877152248,45.76324933068465,39.902605149807094
30.366008387516587,6.697376151838729,22.689155083529055,24.667843447345486,48.51746104146274
74.6508737091963,47.433170811960565,5.841578209063899,95.84908485149948,94.30580568361984
78.58071464491339,99.17606485911848,54.5667245523933,96.20506507140145,7.594545358852715
36.68995410875742,22.459754514460872,19.514197324044158,14.132731598111604,62.37957345661737
78.11875986322984,57.83939346909836,14.73265605170562,81.06369969907948,63.81484440881094
38.72410777588662,67.42203407954673,26.0011096617278,34.300383839127555,91.66435251735108
28.915231875789974,47.070854382244235,88.84479351609643,70.86632295091046,6.1023457627371505
14.826456366715655,0.6445135310216499,63.13458260671256,44.86085653095633,13.484796166762086
95.67130023345112,53.07894950795875,24.243908017617667,49.8245718611225,67.97310263242578
7.907292913971642,27.582029665926747,80.64664798072481,46.02089033786098,54.61843022972535
43.38305752413989,4.308573956119427,16.695835350039825,44.646204048232285,20.982808481950443
5.20498519273804,84.46555087527045,98.22141133526797,79.42692757698919,85.44986724656331
24.244132668330394,95.99497073019722,19.626217044589787,95.1861860858636,99.54284973019881
71.17406302722539,98.06621524404844,56.94036718105519,25.94889487418763,43.72709454029698
59.33387837086542,7.4247270669618,62.22325702682236,98.05345188108771,19.00268526947956
79.14937284926854,90.99121165804297,94.43571081963644,96.01229797270318,52.28760963606727
97.71028630429876,75.72767449610745,16.096728518110947,47.595955835920925,71.85420006497912
24.840433384436924,63.97369160627867,66.63612063206428,16.249618359928895,56.58568608980528
77.1195475880521,49.96487889194031,1.2818535967902422,0.8376505354091546,35.67363045110266
92.6274548998065,22.82397796436313,63.34688380812902,22.355828087880965,31.98873437565357
84.82749005209095,73.02259754292665,9.45935718211605,42.87283719382973,3.00725493826241
47.7847679049371,66.23836199423275,11.693033480546662,28.98482799332167,39.70441948024694
92.13154750554683,99.23000826640026,4.5360949626616,76.0131537940906,37.14867688565081
39.24539235809144,75.42907696919771,92.00812833047218,95.23559331018846,57.63732059276865
35.71640086288859,78.63853733226124,24.961004287801746,56.340711851259954,36.02617929731654
65.49434806214576,24.097521741771484,19.205328062722998,91.74958762039681,10.244866870438242
50.65983368966059,22.081531178801498,3.8779573469582114,3.5773302909177307,17.437784275026505
86.69357456772953,28.197363145807973,95.06206951687749,58.10122348048978,43.59569117825892
57.95440959892194,51.7967399933136,75.73988648763589,28.426864954878493,35.38184731409022
89.25312724213713,94.58782152679021,89.09356272462789,42.00948489441353,78.16421481433994
47.65649258661594,49.87589053282981,20.486378214399032,59.21012822875743,18.642787388219546
33.157874252300495,85.58038665707743,20.691948818163002,7.261522700667832,6.869213426469128
94.13516817033012,50.62137716880388,40.78388728053459,81.1236534868374,83.40219420980569
33.434019768937624,69.32638953660467,77.10450472831299,65.43406526277973,15.17358483725266
87.62232689834818,53.8254674490826,27.991831306692735,42.41274081280936,3.7085840225521443
12.814702393967549,76.57303065588253,0.07648601358028363,41.49229081614536,52.161742391818485
5.419346523172883,97.46022768479769,22.884584397714747,30.285027049261217,30.50341354988238
23.05035546127652,0.20300048742563936,72.80203981151764,96.82005520682377,22.207238790916826
66.17324907127453,74.162654279193,84.78321409818263,42.265502390574234,30.224620234226013
32.49384936770115,71.24369303018747,81.65561242455084,18.17625501014362,37.18370923208994
90.11866254608432,80.80412153397405,98.4907581625896,75.55093021463477,39.28526932283152
58.97715948393042,66.10944852838435,8.101971828622728,54.3131799739176,70.99981529354652
16.749875708480566,78.10357202673627,58.25670256124687,95.26789196939738,4.2717737484453515
26.3842575800431,60.16851263594847,29.631694756644297,71.40703180153204,75.89596500923982
10.360363726941927,51.43126076935926,50.78471617735219,36.977787789003784,93.28805533929324
82.68900739223346,69.59696939091832,71.51336299239146,46.11456536259413,92.1902593637379
69.35188964729929,73.09758338719418,86.43246336142742,27.4613877573489,80.83673321899742
19.4787203804987,34.47896550152341,33.68045172777427,97.8676871358386,85.51651945732935
70.12471489767991,72.5834889091449,56.18876379894323,94.81394927112703,49.77181669206146
38.079398515221534,16.43733691226372,78.57457110520156,73.6144624885337,38.3632090674082
2.4384214623534093,83.85364341934317,1.0670540784938063,70.4217199634248,97.15093692091011
43.76768365062558,23.52847049548937,70.3488574719324,81.72244048301488,54.820105496644636
96.84479675861537,5.0573945692682605,50.43574539012653,72.18604814069842,86.30585715802579
18.077091886280822,80.15972554558745,55.15913390379709,39.727756061000726,13.190231614722446
86.7037427571997,15.92353621674555,30.895608661408552,29.34870515582759,87.15830650423216
67.33352903476222,79.40291508250691,25.147620800488216,62.27199523946248,57.16020562386926
83.22774886824915,90.6553184457276,1.233609742519822,67.46068589188125,5.308173161663017
54.78546985894705,28.742832320122957,30.593116375624465,35.203779623563406,62.32251387198176
33.278104258131364,73.18769575229685,40.672164711922235,6.822636443990649,78.36953940179274
28.615884681587445,43.1561944296448,68.4521813619158,33.18395393134085,5.762787784028933
37.459261357458885,94.38183363177866,64.1600887188323,67.22585872599237,62.98972981549956
19.92943872239846,41.90918169208078,75.0021364643133,10.202302319057692,27.78677769480933
27.812980566316806,43.1495864843699,98.09596341056854,6.603257375291943,51.877619439125596
18.017997854507353,97.0151140742705,11.442309926032333,40.45211970910462,73.80288073025284
70.42831613796149,41.96446596874627,34.58755438375287,39.87131863166512,26.40028624888284
20.578482146879058,48.2575699894728,26.710688715491763,28.820953665115674,65.552773911528
96.82750779709421,60.400155972766825,7.630121846901378,7.715397731363629,95.33955283146113
29.64812332398866,9.129668515513345,59.86060860102864,62.480182664342905,64.89907537623937
26.815302005890878,1.642601006044691,96.41098101886213,25.139578566933235,67.60776044529334
70.70599653585279,61.115656034418905,31.275568826902884,27.03995055974153,59.66171812414985
86.78498184385403,94.66917050694362,10.453795481070742,15.62116039061495,94.30263270590152
73.49853119057508,88.26778356633945,20.2085794092611,58.78978035562289,69.92132290926227
68.04379589744822,40.943009922534145,1.4412978333880342,58.254769125900054,25.229998680864874
45.05746289032867,95.65055511893941,39.78345214240135,83.96505004214532,18.887763752522698
67.2610986639359,97.65673582783252,10.256143029021539,0.8550307447622513,43.24135973315386
8.994962346597159,74.89059756405115,91.42920875697155,43.291102437297056,26.033700507644237
43.601818957985714,72.47213776374365,0.9280348698310941,58.62896310544191,61.44669516479544
63.676769288974995,24.146292130475455,71.49519425989969,9.34233002916968,20.081141630976838
87.76427062386875,73.94621045602008,1.263982923752241,24.675366755885474,21.548645602268817
27.112891714284256,24.61114538587025,6.247829767384417,45.955746473666615,73.36402596646685
60.73598953597379,67.25084875609639,8.030084649516718,95.16078307109984,83.92939747220487
80.5995566753843,82.4564130032531,93.27455124378459,54.31436842481059,20.136851614772347
61.68665810217744,74.15987941115264,73.85411117833786,52.286089822078466,6.884174649502738
37.253701362095285,92.028209230023,58.3721369586041,53.9186466684173,26.850076135416902
36.96541236659507,89.55168552979222,66.76817563066517,78.80182965131051,45.34453683655871
62.82557008706792,24.9165547058669,70.6025980716035,42.65833688815355,44.33440928994212
65.071293524617,93.55733038684355,6.207281701046927,82.57138581852033,29.365553228330082
44.31855691935466,2.268733297575616,30.137769456640996,50.25217089477961,5.675664177285114
49.05936692844259,92.60092880410005,10.579905816994144,76.47088526887647,40.71241877147832
65.39925627093464,25.956439642801264,16.001718559802462,15.894001495313091,7.017232066330567
18.75843727100918,66.42861799572903,88.18197022428159,81.40646792562275,68.61163641196968
11.047359829713448,28.896754633664436,30.99590670215909,25.128269861112216,51.54077199867285
53.56112927472188,35.80635709718699,35.326698386104276,82.53535396683453,78.97405876354546
30.823191367153445,91.31662195615947,95.25460584342459,32.800049328812264,35.48788845222063
50.71088180150437,94.13893712656639,87.61657665864463,10.327575876118326,39.309886727584626
55.380995131555856,50.290218079366404,19.32910918904109,85.82824211632334,67.74607182551246
83.85578607675176,85.61356439765395,74.76230635491699,43.76200408910151,61.004845085476326
15.976211314476503,67.37935418648813,17.94391791332804,69.60799690511938,22.99710330377967
11.818982704949034,16.386258850792615,0.1657341880249039,71.76563019919512,73.29996058491658
51.49854882595303,16.102124859390464,8.45107814448632,1.8859675748998777,16.70821422363942
89.2176182875443,24.090118953281127,35.538481713737646,10.545817213487934,22.196725506393054
51.96193863599,60.616563045963055,24.481440357484242,5.814994703843244,39.073854459386624
23.5281506856485,21.915585569489544,95.99842762998608,61.61801812957317,55.53505012478556
41.616748354084244,42.92614942672674,53.8972287507659,69.39600407145997,70.16926009332101
17.29245037754853,50.28310906843808,41.01372287709027,87.2152567048213,63.258045375026626
53.19207195262012,11.72778279725523,60.61044293253601,11.697643633562087,33.542612766287746
14.294404905896307,69.2115054687416,20.849091779234705,39.091351226129476,89.47886840479839
20.380571572827108,51.04612648831052,41.81211622017378,1.943214792134078,79.12003247165019
6.947755805256241,47.43532349155934,55.99785630969736,62.91443036449512,68.78311975758291
25.165721617687822,0.9667154531687501,72.25263545000732,53.59158374926129,83.58315975636673
82.29523873926615,84.30069836506838,48.53704005824452,33.2466209703525,79.11315763345402
45.038248205798006,18.462697904755583,85.42164480449541,88.19094760149511,46.660858969578555
7.49860192072761,38.92357425287178,80.54953983245426,90.08765896318994,20.431837259248258
6.612861290579578,87.69938791257314,39.0095112146597,54.19008000437355,96.8232155144014
6.766303293021275,64.94093703310735,7.415653132131067,37.48344727373391,80.38154674998893
43.24634756364722,99.7968399102629,55.88710352160163,32.005660246661584,22.14522830166169
35.050657828806486,37.17852493960385,6.985664807888308,37.08316967854811,46.23515414644282
72.38451244383685,65.68872375005132,70.97370649979749,0.8295731140516097,21.804663557524385
66.13800457427466,48.49816491542528,0.4642113235446476,80.55208454654613,77.29882408885432
54.9175878890342,6.545406739563681,76.69378295656784,58.42467943234131,78.38142935117001
75.24447358724598,80.24139357267939,51.737855524717034,14.1085629546684,67.06175025584672
61.99543147456634,74.13940391928735,17.001411082551993,19.519445555889774,89.00833613124385
75.16727996514325,90.87995780660138,76.04735800515053,59.72861707308039,65.33999132917018
88.81333439513801,57.868372518905886,63.31445857459678,15.617957837599684,47.47781182659867
71.78004321871076,27.01360149173145,20.11546827469772,31.477497650512177,24.17696055468754
21.523810115943636,42.55482058135631,90.63125746607523,50.75008955697919,18.810085200539017
7.743356557987053,69.52013642156336,38.28794229518444,82.13473101949985,66.05544845288304
79.61546850737693,27.13459901379379,69.1368082849435,26.49348335641196,94.00496761885908
63.82976865480557,32.4189737963497,26.849891364025034,19.080063894109816,69.39432073878884
21.808650247840994,59.57776880281175,26.572707452165236,66.23821349389488,81.50529526430323
77.88457663187701,76.06238556004111,18.91723276794658,9.138404564431731,69.83192060473365
36.95564532932208,43.35570290476243,3.1676242890185575,26.086285148478883,3.403121224376666
87.98346177309972,24.347863896685045,55.74775448707739,3.961542714159125,66.72687080652697
32.19803664083596,89.84282926507498,88.78726425278258,32.473461862008364,90.19308304224049
99.52238027226086,82.51445523246484,84.38052905543674,24.860659363912035,57.90952461913549
6.649108068194343,9.476661175476698,100.0284638726305,32.70777601869104,74.80453464433154
80.59721493756892,85.86968351409271,99.73043975212053,24.367117100239113,4.006823345811192
41.28815136545757,13.095826060121524,2.32948908062544,36.02686036730055,78.32788249637734
56.592076898323675,31.38234410455475,65.48661610946273,23.01522157371543,1.3092928474056038
76.42182101721176,62.42793370393653,76.20734293403768,3.84352816931171,83.61354391360763
62.04392134014819,56.349486696072745,62.629450537962946,86.31335395381213,58.76277287739174
58.14980562280429,99.15263007612805,75.75568338837255,44.17867643403104,70.72163543172144
38.93968827182947,22.787263846807537,59.788351970659036,92.57075932807507,92.79772576097926
34.0227179957556,52.8777226708333,21.185150792507933,99.50981795603971,98.12142198820224
64.97731765257168,80.31744437981223,71.52461140442823,59.45470090333133,5.491294972835248
45.56176512532701,67.50445986181602,67.84561625553178,37.382832951987865,94.0568031841332
16.64433745063755,50.099410158913294,69.02154689330905,69.61105742020459,64.9928326209733
27.535094121719393,15.61416285727979,63.473738713225195,59.885342555886616,17.901258238308603
70.42340263336672,45.39565263061977,66.9508500157626,83.8776481640531,16.962345510115476
1.781726186421586,77.73771996960703,60.92458564145241,69.73860595510787,83.77021820579094
80.07895211761195,96.08258831520115,53.61314917301168,48.83087868096006,40.40589613575973
15.348474665324398,57.43375123200289,27.73087772886158,92.33202620570567,58.14351954117028
59.175769399156735,35.46376879224137,5.359250126593742,3.1504709125644816,42.26549608448458
8.517207655058305,60.775286696737574,88.02058787218213,88.22261768097182,66.07403444514107
21.248065035984364,86.45132428608547,88.70341036286632,19.57999881806678,73.73931190520128
28.54580915949489,80.36161382627681,99.6694414187264,2.831430646049158,89.74795400844998
62.37557478168088,97.20055382373012,46.48844832457564,84.68334007095757,6.338516546027892
33.3231971035663,6.815151941898791,97.4638036852438,81.68139167950723,85.34060248144665
93.94441286091228,8.515480952130142,38.48725948003128,7.05033888516484,21.19591935234679
22.84815823555332,46.94360892311593,26.8569605975443,10.173737216624158,16.75252285692899
14.68416814812038,97.25727069262784,75.87697123600127,96.63820006189513,44.0246534490421
27.8578440343029,79.68270743092395,32.58482928572556,29.910787234134517,23.192057581153204
12.95590949234319,25.63561272164506,35.621410314146225,67.39895283771638,6.315847563787685
20.91160642368301,80.79620983363714,14.554813914236883,34.22494132113175,86.47145187493162
15.659302449086585,8.190716894622529,48.538730538651436,30.158721808655407,56.34322604363021
80.36525980835485,13.622466759790512,57.985349233142855,50.710625316945794,14.354557794326283
62.4997124681471,27.431909381060862,48.7223254981247,8.22689342407176,45.970476160431225
30.695042238084586,82.1976166257339,5.547193172765853,41.79068328405913,45.95969886533329
72.49746817647907,57.38667816303546,66.57372391172395,77.82863610554068,86.1995695485333
31.496299370471057,53.87051090741277,84.09033340472214,99.1110582034898,88.96402166674801
37.133377741497306,19.673040371054636,49.022651056220404,74.0936639478473,49.36124317306465
48.46958534456081,83.59304330937486,36.015928235649945,85.89845847618207,40.75278632694849
32.902199814464055,45.45094497563904,76.33233537361642,12.489383095028964,19.521316987676776
95.26979671238965,17.559541316564808,56.89359909846676,57.86158804825736,48.85683393607801
64.34743834250276,23.062773537437117,55.37942689063487,37.2715025826288,66.11838864909241
14.186068167751264,57.14871181266713,18.32451198755557,27.82926562917653,21.89892450487368
18.394583330923552,82.56258196357835,28.58566096381833,92.70564148617117,97.01918095008234
56.9891679793812,14.239567116635111,37.231679750888645,79.72903089329021,36.78864011172861
8.622519496471645,55.65333841117387,84.55115551789775,79.86489192027125,17.50415190756113
67.3483822521705,22.031742092262455,21.85635021322566,87.40433981030282,24.92469442055244
26.304482834880947,0.1900502352090332,87.09581803130936,79.13978346232892,62.6904696977775
74.93738609515464,15.297599279379618,45.75641972143274,35.20812158184282,9.47531075653579
48.62747976263489,92.1284079084348,3.955766058588704,29.231006597196846,20.630117569400625
23.768396966972933,90.8126896078898,46.90555470666551,46.80046597247995,76.01206893709795
15.439546612535198,48.60841869697204,42.99020946877324,59.80121881725725,99.77619342509341
76.94673809716596,39.85837268540013,82.76100948992342,17.051901087244868,3.1340177613366134
20.36396228013604,33.96321208632524,50.8734525423972,61.54544849567647,91.08268697001992
50.92805450137901,50.038198942881834,5.01955909768094,3.500768455469327,54.996242275018815
43.62326247415492,83.74550146858192,15.922602244052284,2.3766078912167927,44.895475934398966
23.756344528809304,4.944639372203451,72.49570235093294,11.199380210967503,60.864943556209845
28.11388661621939,17.24396711380825,37.841646693263044,80.08837129074865,39.322899281078556
75.31138608961336,12.60435175430812,77.31293436385845,23.800029590027563,67.89062265232711
56.48593367131976,93.20477509548698,38.891043210672905,6.47987048683618,1.8157002344012443
82.96754684593522,52.57724669912482,77.4646871664572,23.450479371027463,34.583784826663496
3.0992584177621016,96.28605890645548,66.81101496581554,93.3485534182509,26.51325902672899
61.05346523891988,67.75248790212821,31.74059285953612,84.84534303489983,94.57061816758896
88.69014399671318,73.83713337390563,27.66074256912056,28.158777721465697,96.09903757771548
1.064621516896255,71.50597310092131,70.43241482914466,62.283299213594816,99.02510171126744
31.38246934327887,34.015149064086266,7.911159051289103,44.28394410434404,25.847010920548087
34.346352638140004,83.45233349477246,93.53397756516803,18.489924676575374,37.30739799855565
92.76539306741999,6.25138577696654,9.274870408837078,16.4193357984997,59.47488136915505
15.180946147543512,96.82886928149834,44.66393165484828,50.06648293377966,24.705420630269273
47.048416392795176,66.18857563370884,75.19545540693687,75.38373508813252,57.82083451589734
90.58734176827271,81.79706708719459,75.6368967111481,5.52000392501613,0.7018673358161376
21.456883802252413,66.21889008580357,41.138764153782645,40.377069733356606,88.52015116542327
89.54307043570465,90.74556342951816,31.538951960572916,69.05826049120044,27.068019628722812
19.086075413318934,18.60595991589881,34.25125000361447,42.959300911685446,83.11971719278688
12.000955335676425,73.44577307597406,53.15221721506883,28.7121057406441,49.183059531149716
30.04946152151062,59.56875023071746,43.38182394355343,16.363364978397488,11.60161074506764
54.621222615299914,90.18257487681083,34.354782772030966,73.31975436700604,66.0051298756979
93.23158234476196,82.06464452699987,56.597268235982376,65.52514907762387,89.77133217804494
39.84203820759273,32.684922243188964,1.247965830881496,82.61558853593039,79.95279716343165
10.425852278250074,57.6416562339613,46.52427901788393,11.682429669631652,97.95765902823193
21.545688284716118,6.566462148378997,59.54211677234018,73.82013252096272,3.346970968531714
65.86686769079215,53.213220913510355,10.386381335273072,17.25429347104954,56.67381780968582
29.58367724270202,93.66885790463495,81.78758931054207,98.14283981289778,26.200905455288282
96.96973125981121,43.176692929213964,34.66835521904733,5.08751777820417,5.3539047690842105
69.2947489086156,45.78463687265432,22.75370604311886,61.33626533268844,25.32322684526946
57.76800250833684,35.80335955255228,82.17224098356316,82.03971786241388,47.70550758397287
35.05494747607404,36.36097812710098,80.70907184509538,32.88366971540191,20.96466184033807
8.460842206208493,46.68697043366262,48.25616733700547,84.10487708847906,22.183124541461787
38.10370716524604,80.79105143549094,82.38850858242914,38.437507252968686,46.057633549047694
30.28585012243257,93.54145877192508,12.0283442880086,93.26168183382815,68.51181126594777
53.144666990506344,3.3224606201152,47.71728754165813,40.697309215623406,16.075541870463447
65.71630280980412,97.07841378249799,55.996396335916586,71.57169748431257,6.881985891169555
41.76436613200769,11.64836240791625,61.503414834554555,93.94948217143366,66.09167677755103
7.692611690885038,35.58521712933531,55.182826765506306,40.170530592863415,83.3142729987571
81.35370581658361,61.247068494204605,37.25508365111286,25.689104687220002,10.716962756801035
35.465087400576905,41.19077060366386,67.503393819329,65.8610896410574,7.096032652373885
39.522086147996916,17.921083995575163,15.7492750492408,82.52817351761274,3.979610066134253
42.01811587071307,16.701768246596284,87.95808247695452,55.71324573661467,23.057531651510736
50.2633413782469,73.09360244508703,95.81655728583556,22.0059805741386,88.56803161985819
93.36444709705569,91.55220944661635,63.62668672208118,62.93677404665121,40.20790500105306
75.1988902859983,53.07661923757477,67.7043998375646,42.917132955158934,73.08686922246181
82.40919591616318,14.707940503163094,83.33736461617558,53.96094443536424,84.56319376347264
43.221112321759435,37.987965335744335,91.53632958493709,25.099560984878043,84.31381446862785
48.26369725037669,51.401065052248086,30.848248359278642,57.27810081403157,32.51001951293777
4.063302759344895,27.362597044942092,0.5273097370240571,97.86433014996705,96.57991786855217
39.58302622949392,73.0104398242879,34.799409837820114,67.1812777312775,80.54701138348065
94.63936806481475,40.26990552069921,78.25305676559503,26.67511598997443,99.00681010300384
2.443096838334828,60.52443208641204,65.77637236071494,68.5896792485458,12.108769441463732
93.8225462154111,18.161487332914223,62.274626771973246,22.32766944518171,30.692072076774274
54.73607780618496,41.81244639084778,16.17745132739458,17.22004316441962,41.80383394051269
75.79791384189457,89.83820120888407,8.454875683451176,39.178013918220046,10.099878317707658
1.7201219896419828,66.35389666444749,60.36150248548338,16.31686870630116,23.37110816728096
2.270367768768691,83.67649194119852,97.36251799351696,13.359054449976071,23.23750935984253
86.84964825731973,92.67282099909747,41.981395197702746,4.956442665682723,3.9760686105353633
57.3627081603193,39.24323376827518,3.0075461621211095,58.40434836774746,0.9001613295458409
78.75882658236439,30.749887839825035,3.9012051493747757,58.74885531211616,39.868467966892766
97.33464267073023,54.22204417465897,27.643892292935657,70.9264558606528,27.186570486349225
90.41940092369552,37.58429475550741,54.876958530751416,5.123722024386953,42.74399387713933
83.10141698741104,80.4909262842476,22.596319442838478,22.716023391429196,81.64859959218506
92.91839195019783,9.564360396661483,45.03882523334386,33.73951362001243,87.30218012622365
8.41716657272345,21.02854984910237,75.35259877823985,5.135202648069013,49.185866491459954
44.30080732167951,33.58767703763219,39.47881646492942,52.89633214655404,16.148047425330088
57.10397019186875,80.56588331352489,76.09154099176075,15.19232827986496,14.996498891962151
26.78006064535842,36.05124479926186,40.712824770511915,67.86237148798897,5.844508098995704
3.5522050354188077,39.32052572315427,69.63063609548003,19.523400041771453,64.14378802403145
25.903931161178022,88.50080636482797,89.46415899392335,29.654056126309143,22.909987826150143
41.22082580868605,24.313274694013177,67.21368213835255,82.58369924669095,67.12342831706083
82.34251855182525,39.537130096800375,15.713041750054417,73.98843672618669,35.9393465775565
67.10677704528464,27.039547603877427,8.1913027282171,99.2687105905512,15.831596104244737
98.76718301874122,97.81794876572552,79.32228770118776,65.78210908166004,57.9233671880744
86.79749822129153,28.9849510317366,46.70511059844912,61.82514519841365,41.17510806613737
42.535966467313955,33.11564032434737,56.381393255837914,85.01351391321299,20.045528192442163
93.29958130964785,68.90295092780124,82.346872483015,55.60989648791807,78.06114433994566
1.6260298358475176,81.90960022538054,3.867016605978122,88.94714804787061,99.34462575721292
29.503916100028064,21.065219387619837,76.49847757445217,25.209011516711296,86.50327534851715
10.34800751050817,12.397238162980932,98.09465905774229,67.50777315050195,84.8103138274459
32.49439738190847,67.65917092905605,59.46196187945632,60.278406898070465,68.46502348099892
57.522067713281686,42.858670764123914,27.56572197537825,76.78581073417152,22.708146922649018
69.18352556459044,23.320697394339824,62.66665127867237,74.81490880131707,21.769006522831507
6.112406035391414,12.95573079499049,60.4495814291684,84.91198092960416,4.528975237659787
73.39266360802907,34.17575618041579,47.81517158843087,92.68002267932683,33.17808655092362
46.38163408663967,1.368556018235392,8.03458402851737,25.910891062194523,2.9206916330158776
62.96462943213901,42.43564776925239,54.78448148010084,17.577654706132307,29.608802372401055
66.33978012842029,96.42269467385503,5.114025740672643,89.19216927838721,57.501182524465534
56.42133692021576,50.282343530938604,6.878845937323643,8.968610486074963,60.08774039177957
34.05500773848375,91.83651342564666,40.83920852805,14.15768936411364,71.37844519806859
29.45996005138963,52.60706220989192,69.82695010769457,90.09606563312245,79.22873239980855
67.68422522419685,67.93077452307865,94.5696632327427,29.572886141451633,0.07047405451382535
27.242337640223674,21.8189008538215,65.99684190808311,63.350832080849855,59.34820940384584
1.777358730929763,72.84913330950397,32.36268597575621,66.49792250229304,55.79006075346323
34.1536088174875,13.379133253480262,9.356699621499068,83.15323448391649,91.6903727948362
65.12532012022635,10.384963656730536,40.261260955323415,73.10415031037714,77.94768757672885
11.90746011262404,0.06130024267546709,71.36764493430151,35.72874192693859,25.397215885974838
1.3321473459097741,53.96526061381751,85.06836213211115,95.76180350605564,56.555917576540146
51.356743519909216,8.278693872023968,54.91692501252223,38.03467099405738,60.74989890017572
39.063230188656036,23.87629674659649,9.651844031433454,31.741045987069707,9.840861519994968
17.654760714709816,98.77891752882513,44.33323375435419,53.11957523210576,87.53418398285633
99.62679797097903,58.3474409061183,81.13508224972914,32.54677278785797,30.679869851331265
40.31253942487116,67.2208869820919,68.3928089554054,31.583273290169288,13.235984359601664
63.04581784455091,12.89241039863872,57.802310744587444,69.32833047569719,70.03897772220967
75.49029692973153,87.37022198258725,49.9862732867105,73.01260054381228,61.94608158786356
18.795799233092243,2.577259967932152,28.39667779131964,44.18288307748964,61.70203049657261
84.87610373792782,19.658715257453345,12.600280609833318,96.4670704015008,10.783511309399858
47.95234078420948,58.717528332361255,54.144814427301576,8.826734525744927,5.846384065628055
10.50040254636434,58.85321036304613,54.427718222221685,23.514036191495457,63.84026582748618
82.03708989106802,4.288779736336536,49.828079172137194,68.92339923605027,25.226572404587554
30.662707094809768,61.47045414249788,89.72755485819555,81.01345564798912,58.31503680074072
73.08291276318278,36.480938039679074,64.06971597083093,46.659625543123504,19.02650811826953
70.06765281171657,55.63546813752218,35.98915466627422,91.37964633848343,1.92265762653923
31.660088199948007,5.698718086809316,76.59353383434092,70.16794688760858,33.041247250320616
67.43006500343682,39.63225139961129,75.80370555956111,45.453632171709444,41.24512995633132
93.41063417550593,24.99487688538956,12.046914321315803,58.35138248191056,97.04449074878615
37.72616660899184,6.119331055017537,34.15559447376985,50.72305146567503,16.0727961166063
65.72199914018104,99.75544949519941,45.157857944295735,35.42697689687961,40.20409059021975
11.535669177737507,88.32366824329551,41.42175880341797,38.622279578280526,65.90657435462501
44.115760854804186,64.69741261444713,6.252433375203404,81.46534866863337,94.01293273465531
65.00830974592043,95.5156205453246,15.035185110769056,47.59582623440596,60.21127471472803
58.22126631820957,40.01690362801458,33.75587617322064,12.76771648532024,39.331333435025286
16.27452247129157,73.44219349630771,20.837985540744164,6.005253395381245,55.2922019287471
59.43886481791343,87.26951766543793,57.628067908478975,34.45290681618941,80.25646748210303
53.941837083511466,7.8375544805811215,56.44514266675836,90.7319878057506,39.5779600045121
29.497445467854384,14.400960656996869,14.967913572857487,43.23903320041065,59.63410334192608
8.17475635636491,93.89938377839748,75.6146962314416,58.625645372125305,83.06937528385728
7.872694864762018,47.583189653802144,63.025416437686204,82.73915494324824,78.27615148606533
27.75221520986302,94.10713176308587,12.4310776294156,87.51089475351374,96.84790102846888
17.730212057265053,72.14300619805972,3.9915814466043518,40.383265126424476,51.69564862143263
58.1197041393955,93.47724134683104,67.24300918807486,48.292438557179096,80.98151445600952
94.85185741467676,2.1495672974160693,98.264824272897,8.824825638971014,81.31776270610504
28.018735656938183,13.111225282630679,44.07348720601157,64.35902658884083,37.82202856675252
5.4172149715801865,59.9349043361728,90.27912410845789,38.33970457743728,21.69900062102893
44.2453834038945,4.844734439715861,82.04997931622562,82.59256716097825,58.856863040269396
35.39495922598258,79.97396475908559,55.41953500487307,82.48497899297664,63.181373627180555
78.34019544316652,59.872243673032024,41.42721943669,95.90129107833859,54.25010204198548
60.20514033754934,22.028613610299757,62.354986517081215,57.276921635818994,18.481520995128605
6.073876278878975,60.461748028188275,76.23419702515884,52.24337157653835,22.663834008635693
66.70915168384339,8.016250530749954,44.20112101062199,16.300931555192893,18.55890214456239
20.244001731555795,38.67554797387544,5.144563670198572,39.73784382741933,51.13572491907273
48.37756001963915,38.35604112379748,84.00274080860899,14.513145122047558,50.58200228491262
6.1434923057683,7.19422874001611,57.292102360243966,56.624056309072444,87.89124935921393
55.79993849311502,96.00910230794935,4.842206861501185,9.615377113164453,4.33922577227628
18.532120611456946,54.05810533741135,64.605739205982,4.412113462895861,94.40333972888463
84.28604165892487,29.630084089615647,7.753390984626346,16.936603916579205,12.750915444001084
12.464119744553603,51.99900524305328,24.51994811857028,35.77177957086123,98.96754742926318
68.6185165583698,94.782784031608,14.141078564775498,38.30084207314378,55.40660362445126
7.74172188399074,0.3602430225763123,67.07866159764663,64.13095377473904,40.97841239969775
48.97903823968432,41.423046728414604,2.4461347645338454,33.51373296322526,17.572123620083527
9.872412463381917,95.69993086575604,59.700754013961884,72.86053777433179,31.53736395460485
39.32398043111107,23.510522869626865,9.731937595893767,17.954466362732806,79.65760551252417
67.61466636590453,54.59494806869482,47.521865323503036,92.11964685733678,7.1381335432387
28.270028406873493,34.99325433493252,78.21146214856526,99.18441508540401,24.02474126276869
87.61091952309503,83.14390188830285,22.704412840690917,39.97245200493188,40.871662240153896
97.84918371767033,18.144052271255422,79.97718838789443,33.37505533407414,73.26742217001764
41.874143425343405,57.86992141394801,83.23193783303078,80.33886147540598,86.66702891382717
6.087390308129573,69.24545321122558,14.026046911765269,41.379894618341574,54.95096186336885
40.23334294281337,52.01458515969034,99.7446496577347,13.541019331182797,67.34548803342986
39.74174898720544,13.481501000793907,15.95498700060647,94.85466388955984,88.08313248723705
90.67598992013598,99.1465803463762,20.951291206442463,35.60868326445099,66.68660853881761
48.40103939768454,41.95748772270059,35.64476611692636,59.47581123713077,57.39236710422382
16.124304060746898,47.22812689447453,55.32186610756895,57.14645736522392,20.869250444057766
74.30866259025287,2.5251999527165085,35.39792996876351,78.06514052026789,56.38225871787358
26.264199093920446,69.55365270951378,56.78035947875641,79.55706553258095,73.51717536871958
60.95327594198879,48.81153796929202,13.44274764760174,26.104726505785823,41.76533151994869
59.979381591928515,51.44947023152123,28.977349108945305,0.7328731111210922,49.59675481696813
28.58867834511839,73.49976136831835,2.438045044285719,58.235372777625024,94.09007559332282
17.488631325395627,47.27488652639449,9.078772346715,62.52669619093523,55.02931950456557
40.72306326394284,52.223146977974686,89.58361956346259,19.715910553473876,2.398329617621725
86.12712051572028,57.668719624464934,89.08159979412218,59.635873615308135,81.00731862839143
42.82037047964034,75.07156374380027,91.47044886135514,57.14497508742924,17.91389250709343
26.971849813902203,19.82260825943656,24.618918953004364,30.62934587913962,55.39129400725588
58.847363318719786,42.523513972227605,61.42364075272414,8.037712250924757,8.795223515842368
17.001577076545594,52.016577048301606,21.361915078419102,28.116820050154363,39.92520988928934
81.2464908882468,1.5210480557153099,64.95420086759053,66.89621698352468,79.71256045952929
93.42417965551529,2.0693778349755765,15.41047872705351,88.61882078102848,45.90495915925235
56.37905858563787,66.39665441095744,67.98699943644674,93.16422586295833,99.6677326376048
71.79990244754254,28.548900202165836,88.02981687350696,5.012564574266878,23.215090312211228
89.60385424792409,25.848496590538996,22.165135068416443,13.755184121174848,85.92750810348868
49.83608796392231,67.42763003005396,23.960464678996104,75.81031108001817,76.17486884923517
31.11185784914439,41.05655004067672,20.855366163648817,97.80960776931536,64.58679338223335
93.45523241935707,30.32524057242491,78.1013829222284,76.70570908425894,69.18262574526655
96.5883727187052,39.41376576135963,12.985554158281273,67.37041464717574,73.08793129711158
57.502461477840775,20.651680614365286,50.50955833556781,31.330992517570433,42.92168034826684
64.58633900407553,74.53513101523505,23.23618259500812,40.34446734288296,26.8731274556062
19.89928355752931,78.11294892301942,90.94326310921987,36.94201597866177,75.2855943294305
89.67106080371921,84.58605818007455,18.26759747385802,95.62872311764559,37.74692710383554
33.88963594620468,6.245475905296908,48.697244686012496,10.902214577225868,24.919525176340805
31.64970560357394,80.91773299301163,87.67976420052338,30.306877093219196,85.6827102816494
85.77863023040265,76.34969619466781,14.57701356889311,69.08147265897509,94.40545005082342
68.14306732306525,33.16133539008916,49.99658969297283,64.40952849068657,51.11257939770965
12.093836176717403,31.29687493839341,80.14977153106665,86.18289471617685,13.68059544083263
95.11192554336341,32.80752899842602,65.94944017146408,75.076784689227,81.04795274640776
94.59526098243593,31.321104435737304,85.68167301541955,13.25148830872094,70.44331449429222
74.09083302388288,67.59329179093243,25.151386864190236,87.29039261475408,16.985426065232534
5.352949796095617,71.7150120205067,47.605620927802285,84.9238113366189,38.18920765678257
16.784186416769757,83.58671851915065,54.875969189426954,18.87204887906478,71.95775263419858
51.257851552962826,60.426776991709374,46.13751973602228,82.85916337318835,83.03779320838464
70.9297974797886,10.637374679052705,83.59835928192659,67.1112669981496,69.72852583819184
36.32874757942228,87.81957431599709,72.46489235593256,11.154715623325965,40.82651219994202
88.72846343664315,4.555282873858202,96.16217927648282,67.82979553524027,63.312355205471285
27.112187356453372,24.843984228993634,94.19233188549212,29.956951077982428,77.55624909583989
39.133317504876494,14.077139595204155,1.1528134922354805,54.37199759432341,97.63795327120941
36.85227130738751,35.65523334767237,34.39704729999187,52.11438399824427,44.11353388266297
88.0852964599672,50.59956080874236,50.92111724144472,14.009598027065236,98.3041699795946
24.96364955420203,7.318461304023921,66.12207851315824,59.538700930812496,41.45287200707837
42.14873038742562,78.5026040644844,19.361369556059692,82.00744383384645,64.89511484074508
41.74342408036084,45.93829908941987,25.709008133810258,75.34050316627003,51.330895157300056
32.121538617507525,59.75722089176994,99.70499071097638,43.72039027156388,92.0567357989461
34.42221868586232,5.357499736530131,20.326472698625153,41.937351520783416,22.23612894037327
0.17356327381346898,91.48219145361986,84.46457794680276,74.17388329442683,16.732339666324233
11.932915015534611,6.6636923869465745,72.45845911704126,93.02906415344071,43.15769216805292
12.059832306982255,51.31766248383036,34.87975836022839,37.429939554618066,62.19074783958406
71.70384837480502,10.999908202747756,3.480260220594116,99.55743865377515,23.135076540913875
5.476012100522705,19.026274821606464,3.9357487694805786,39.13433637636773,80.093854768295
34.174472247138354,44.50692881423711,67.60839247927078,50.875003849108225,86.0307765070156
86.54126035709513,1.0360937233319916,77.72562100920156,45.97716047119221,98.73939319255015
48.3767310614288,98.7410147559295,75.57235154895447,24.64607938292864,53.95668405598492
99.32491157377768,85.87392586807874,9.748651055858723,70.65937876661154,34.579669589385134
0.606925802790515,40.261045273537846,23.498016814748947,81.86201619153053,33.80467173923172
82.71671708683884,-0.08707541633174004,30.63971461454095,24.040394592458252,23.429349039379805
6.766735699767642,18.74227430086826,55.38772945796415,29.152311188216782,41.743256491281855
37.805708378800624,87.60591687707434,90.60618660896382,49.49027146014067,33.019585063885366
10.833450281431407,95.35268414496726,5.969267579886839,29.75416280638401,29.755952567487213
31.993070610413426,16.371336372535996,78.28580798619338,12.320860928156325,63.32053893257056
12.413315886133084,7.065586407160811,91.08139187629905,18.976309618114097,82.23818561331615
54.37709718268591,7.74015231569215,95.58648479443177,24.756893527979976,85.9380180284015
16.903284806681725,85.37785333649903,1.4020192498908888,51.16338644521689,76.92196359719883
93.57867937695393,90.94123916723068,82.0293196991172,89.06899171750696,19.723448785886124
28.31568303689765,28.80407427248156,37.62003610946823,39.47438038542332,54.18881887596844
16.036143069194626,68.97139456522366,16.759211171491252,31.056788078842956,50.42514193548394
79.61750361810266,73.92961268914317,64.34848493409085,15.805340293678121,54.735177270146586
8.788528857009075,37.84362123971014,41.34490790238776,4.02352991866323,27.470344666972327
95.41747102430543,95.41632394340961,35.440222061902354,4.484694249759823,18.062700373839647
39.412832279333365,94.6520104785599,14.067418915661214,76.2604412299658,11.217765258824102
98.15015001616382,38.0202238553612,77.41328711996185,34.26981919129434,62.63059304575722
19.388476746338174,14.681153811854022,93.83772263126943,91.65936741328535,88.61478867362422
62.57826170219924,80.84056640464793,6.775358030144949,33.47351905100405,31.36518463635778
63.63833877476693,35.806417206934725,14.642725678504785,59.72682502093831,81.36874267612619
38.25450362693021,13.239942441107019,19.718833145093427,23.624020853773892,30.08672142786279
64.28359282939326,60.233721749906906,69.76723085169662,36.27388217671996,82.49875401490429
20.49910376064981,47.03794549433032,80.22050405970141,17.89946625526534,11.01413483567797
88.22956361479018,34.2407754265649,68.3388787415859,2.593370797159632,68.98167264130993
31.594168222643663,5.674000412467478,61.06921879992649,24.107977799432625,38.755641122358455
8.122675339484932,14.912810345077025,29.77684549680722,8.900754041967605,91.10301609137478
0.5096670713682301,48.349226938073244,12.36975803963068,30.717173381221407,92.58314634541259
16.14215845880308,96.53990384277692,20.469790496379456,74.2578342447101,54.80473435355098
88.54303410733597,55.49359895866047,53.41435218678485,19.563321934568332,16.544998872604918
91.63543477501749,32.779228142660834,37.06971332308841,75.99558059116934,33.82926410910394
95.23276757242076,73.76926758057506,59.77756601471331,88.15929510999877,4.835253034733813
25.67430810268718,46.438835006788466,22.81568584501232,74.56029712085397,91.92504523245242
42.41746195356322,34.06586197803355,96.18538257815118,44.459366786785395,49.04069542900392
35.142238560679,90.87278773447339,56.76126804543856,76.2355644245466,81.12632796132087
34.306633512729846,43.432757417667766,84.83708041908673,36.388262230889445,79.56783331828426
93.98324131521471,62.257528424394536,74.35689418217555,80.43428808047217,84.57019763860556
39.62403813065461,5.124768586011467,40.256572178168476,67.34623021995264,45.21670505483196
74.8521273572922,35.602783860268794,63.56328585587939,18.71297602950551,74.95184931262025
54.57290182402413,20.356839258895047,29.117649059539495,74.80029799151679,48.29139391534503
21.58246988715999,96.57801632280005,71.47045122778572,95.69221390547777,42.761484090288164
47.539234731238984,89.97106442532063,52.40698252103005,70.78319607417022,25.280767635853273
44.70057269229544,12.315275108517394,20.529647460007922,0.09026223247778412,3.7477133913336225
97.63599140139873,24.137886495556234,66.38144130212973,83.97250832534652,54.95881813318332
15.18368972014492,72.66532759997773,60.12291747502053,73.21656509528859,77.03961212560887
97.6913655142166,57.534115876253146,34.06477224112191,64.80701494035141,6.922098691606195
89.46366210471778,11.913028598033122,32.88055112151085,81.53967591204076,59.8044113229775
